<metadata xml:lang="es"><Esri><CreaDate>20240316</CreaDate><CreaTime>11355400</CreaTime><ArcGISFormat>1.0</ArcGISFormat><SyncOnce>FALSE</SyncOnce><DataProperties><lineage><Process ToolSource="c:\program files (x86)\arcgis\desktop10.1\ArcToolbox\Toolboxes\Data Management Tools.tbx\Append" Date="20181031" Time="070211">Append R:\DATOS\0_URGENTE_TAREAS_VARIAS\MATRIZ_BDG\A_INFORMACION_HOMOLOGADA_CAMBIOS_ESTRUCTURA_NUEVA_BASE.gdb\Estratificacion\Manzana_estratificacion_A09011997 "Database Connections\BDG-SDP.sde\ADMBDG.Estratificacion\ADMBDG.Manzana_estratificacion" NO_TEST "CODIGO_MANZANA "Identificador Único Código Manzana" true true false 9 Text 0 0 ,First,#,R:\DATOS\0_URGENTE_TAREAS_VARIAS\MATRIZ_BDG\A_INFORMACION_HOMOLOGADA_CAMBIOS_ESTRUCTURA_NUEVA_BASE.gdb\Estratificacion\Manzana_estratificacion_A09011997,CODIGO_MANZANA,-1,-1;ESTRATO "Estrato" true true false 2 Short 0 5 ,First,#,R:\DATOS\0_URGENTE_TAREAS_VARIAS\MATRIZ_BDG\A_INFORMACION_HOMOLOGADA_CAMBIOS_ESTRUCTURA_NUEVA_BASE.gdb\Estratificacion\Manzana_estratificacion_A09011997,ESTRATO,-1,-1;CODIGO_ZONA_ESTRATO "Código Zona Estrato" true true false 4 Long 0 10 ,First,#,R:\DATOS\0_URGENTE_TAREAS_VARIAS\MATRIZ_BDG\A_INFORMACION_HOMOLOGADA_CAMBIOS_ESTRUCTURA_NUEVA_BASE.gdb\Estratificacion\Manzana_estratificacion_A09011997,CODIGO_ZONA_ESTRATO,-1,-1;CODIGO_CRITERIO "Código Criterio" true true false 4 Text 0 0 ,First,#,R:\DATOS\0_URGENTE_TAREAS_VARIAS\MATRIZ_BDG\A_INFORMACION_HOMOLOGADA_CAMBIOS_ESTRUCTURA_NUEVA_BASE.gdb\Estratificacion\Manzana_estratificacion_A09011997,CODIGO_CRITERIO,-1,-1;NORMATIVA "Normativa" true true false 6 Text 0 0 ,First,#,R:\DATOS\0_URGENTE_TAREAS_VARIAS\MATRIZ_BDG\A_INFORMACION_HOMOLOGADA_CAMBIOS_ESTRUCTURA_NUEVA_BASE.gdb\Estratificacion\Manzana_estratificacion_A09011997,NORMATIVA,-1,-1;ACTO_ADMINISTRATIVO "Acto Administrativo" true true false 4 Text 0 0 ,First,#,R:\DATOS\0_URGENTE_TAREAS_VARIAS\MATRIZ_BDG\A_INFORMACION_HOMOLOGADA_CAMBIOS_ESTRUCTURA_NUEVA_BASE.gdb\Estratificacion\Manzana_estratificacion_A09011997,ACTO_ADMINISTRATIVO,-1,-1;NUMERO_ACTO_ADMINISTRATIVO "Número Acto Administrativo" true true false 4 Long 0 10 ,First,#,R:\DATOS\0_URGENTE_TAREAS_VARIAS\MATRIZ_BDG\A_INFORMACION_HOMOLOGADA_CAMBIOS_ESTRUCTURA_NUEVA_BASE.gdb\Estratificacion\Manzana_estratificacion_A09011997,NUMERO_ACTO_ADMINISTRATIVO,-1,-1;FECHA_ACTO_ADMINISTRATIVO "Fecha Acto Administrativo" true true false 36 Date 0 0 ,First,#,R:\DATOS\0_URGENTE_TAREAS_VARIAS\MATRIZ_BDG\A_INFORMACION_HOMOLOGADA_CAMBIOS_ESTRUCTURA_NUEVA_BASE.gdb\Estratificacion\Manzana_estratificacion_A09011997,FECHA_ACTO_ADMINISTRATIVO,-1,-1;ESCALA_CAPTURA "Escala Captura" true true false 10 Text 0 0 ,First,#,R:\DATOS\0_URGENTE_TAREAS_VARIAS\MATRIZ_BDG\A_INFORMACION_HOMOLOGADA_CAMBIOS_ESTRUCTURA_NUEVA_BASE.gdb\Estratificacion\Manzana_estratificacion_A09011997,ESCALA_CAPTURA,-1,-1;FECHA_CAPTURA "Fecha Captura" true true false 36 Date 0 0 ,First,#,R:\DATOS\0_URGENTE_TAREAS_VARIAS\MATRIZ_BDG\A_INFORMACION_HOMOLOGADA_CAMBIOS_ESTRUCTURA_NUEVA_BASE.gdb\Estratificacion\Manzana_estratificacion_A09011997,FECHA_CAPTURA,-1,-1;RESPONSABLE "Responsable" true true false 4 Text 0 0 ,First,#,R:\DATOS\0_URGENTE_TAREAS_VARIAS\MATRIZ_BDG\A_INFORMACION_HOMOLOGADA_CAMBIOS_ESTRUCTURA_NUEVA_BASE.gdb\Estratificacion\Manzana_estratificacion_A09011997,RESPONSABLE,-1,-1;SHAPE.AREA "SHAPE.AREA" false false true 0 Double 0 0 ,First,#;SHAPE.LEN "SHAPE.LEN" false false true 0 Double 0 0 ,First,#" #</Process><Process ToolSource="c:\program files (x86)\arcgis\desktop10.1\ArcToolbox\Toolboxes\Data Management Tools.tbx\DeleteFeatures" Date="20181031" Time="072228">DeleteFeatures "Database Connections\BDG-SDP.sde\ADMBDG.Estratificacion\ADMBDG.Manzana_estratificacion"</Process><Process ToolSource="c:\program files (x86)\arcgis\desktop10.1\ArcToolbox\Toolboxes\Data Management Tools.tbx\Append" Date="20181031" Time="084111">Append R:\DATOS\0_URGENTE_TAREAS_VARIAS\MATRIZ_BDG\A_INFORMACION_HOMOLOGADA_CAMBIOS_ESTRUCTURA_NUEVA_BASE.gdb\Estratificacion\Manzana_estratificacion_B08072002 "Database Connections\BDG-SDP.sde\ADMBDG.Estratificacion\ADMBDG.Manzana_estratificacion" NO_TEST "CODIGO_MANZANA "Identificador Único Código Manzana" true true false 9 Text 0 0 ,First,#,R:\DATOS\0_URGENTE_TAREAS_VARIAS\MATRIZ_BDG\A_INFORMACION_HOMOLOGADA_CAMBIOS_ESTRUCTURA_NUEVA_BASE.gdb\Estratificacion\Manzana_estratificacion_B08072002,CODIGO_MANZANA,-1,-1;ESTRATO "Estrato" true true false 2 Short 0 5 ,First,#,R:\DATOS\0_URGENTE_TAREAS_VARIAS\MATRIZ_BDG\A_INFORMACION_HOMOLOGADA_CAMBIOS_ESTRUCTURA_NUEVA_BASE.gdb\Estratificacion\Manzana_estratificacion_B08072002,ESTRATO,-1,-1;CODIGO_ZONA_ESTRATO "Código Zona Estrato" true true false 4 Long 0 10 ,First,#,R:\DATOS\0_URGENTE_TAREAS_VARIAS\MATRIZ_BDG\A_INFORMACION_HOMOLOGADA_CAMBIOS_ESTRUCTURA_NUEVA_BASE.gdb\Estratificacion\Manzana_estratificacion_B08072002,CODIGO_ZONA_ESTRATO,-1,-1;CODIGO_CRITERIO "Código Criterio" true true false 4 Text 0 0 ,First,#,R:\DATOS\0_URGENTE_TAREAS_VARIAS\MATRIZ_BDG\A_INFORMACION_HOMOLOGADA_CAMBIOS_ESTRUCTURA_NUEVA_BASE.gdb\Estratificacion\Manzana_estratificacion_B08072002,CODIGO_CRITERIO,-1,-1;NORMATIVA "Normativa" true true false 6 Text 0 0 ,First,#,R:\DATOS\0_URGENTE_TAREAS_VARIAS\MATRIZ_BDG\A_INFORMACION_HOMOLOGADA_CAMBIOS_ESTRUCTURA_NUEVA_BASE.gdb\Estratificacion\Manzana_estratificacion_B08072002,NORMATIVA,-1,-1;ACTO_ADMINISTRATIVO "Acto Administrativo" true true false 4 Text 0 0 ,First,#,R:\DATOS\0_URGENTE_TAREAS_VARIAS\MATRIZ_BDG\A_INFORMACION_HOMOLOGADA_CAMBIOS_ESTRUCTURA_NUEVA_BASE.gdb\Estratificacion\Manzana_estratificacion_B08072002,ACTO_ADMINISTRATIVO,-1,-1;NUMERO_ACTO_ADMINISTRATIVO "Número Acto Administrativo" true true false 4 Long 0 10 ,First,#,R:\DATOS\0_URGENTE_TAREAS_VARIAS\MATRIZ_BDG\A_INFORMACION_HOMOLOGADA_CAMBIOS_ESTRUCTURA_NUEVA_BASE.gdb\Estratificacion\Manzana_estratificacion_B08072002,NUMERO_ACTO_ADMINISTRATIVO,-1,-1;FECHA_ACTO_ADMINISTRATIVO "Fecha Acto Administrativo" true true false 36 Date 0 0 ,First,#,R:\DATOS\0_URGENTE_TAREAS_VARIAS\MATRIZ_BDG\A_INFORMACION_HOMOLOGADA_CAMBIOS_ESTRUCTURA_NUEVA_BASE.gdb\Estratificacion\Manzana_estratificacion_B08072002,FECHA_ACTO_ADMINISTRATIVO,-1,-1;ESCALA_CAPTURA "Escala Captura" true true false 10 Text 0 0 ,First,#,R:\DATOS\0_URGENTE_TAREAS_VARIAS\MATRIZ_BDG\A_INFORMACION_HOMOLOGADA_CAMBIOS_ESTRUCTURA_NUEVA_BASE.gdb\Estratificacion\Manzana_estratificacion_B08072002,ESCALA_CAPTURA,-1,-1;FECHA_CAPTURA "Fecha Captura" true true false 36 Date 0 0 ,First,#,R:\DATOS\0_URGENTE_TAREAS_VARIAS\MATRIZ_BDG\A_INFORMACION_HOMOLOGADA_CAMBIOS_ESTRUCTURA_NUEVA_BASE.gdb\Estratificacion\Manzana_estratificacion_B08072002,FECHA_CAPTURA,-1,-1;RESPONSABLE "Responsable" true true false 4 Text 0 0 ,First,#,R:\DATOS\0_URGENTE_TAREAS_VARIAS\MATRIZ_BDG\A_INFORMACION_HOMOLOGADA_CAMBIOS_ESTRUCTURA_NUEVA_BASE.gdb\Estratificacion\Manzana_estratificacion_B08072002,RESPONSABLE,-1,-1;SHAPE.AREA "SHAPE.AREA" false false true 0 Double 0 0 ,First,#;SHAPE.LEN "SHAPE.LEN" false false true 0 Double 0 0 ,First,#" #</Process><Process ToolSource="c:\program files (x86)\arcgis\desktop10.1\ArcToolbox\Toolboxes\Data Management Tools.tbx\DeleteFeatures" Date="20181031" Time="093222">DeleteFeatures "Database Connections\BDG-SDP.sde\ADMBDG.Estratificacion\ADMBDG.Manzana_estratificacion"</Process><Process ToolSource="c:\program files (x86)\arcgis\desktop10.1\ArcToolbox\Toolboxes\Data Management Tools.tbx\Append" Date="20181031" Time="103409">Append R:\DATOS\0_URGENTE_TAREAS_VARIAS\MATRIZ_BDG\A_INFORMACION_HOMOLOGADA_CAMBIOS_ESTRUCTURA_NUEVA_BASE.gdb\Estratificacion\Manzana_estratificacion_C30062004 "Database Connections\BDG-SDP.sde\ADMBDG.Estratificacion\ADMBDG.Manzana_estratificacion" NO_TEST "CODIGO_MANZANA "Identificador Único Código Manzana" true true false 9 Text 0 0 ,First,#,R:\DATOS\0_URGENTE_TAREAS_VARIAS\MATRIZ_BDG\A_INFORMACION_HOMOLOGADA_CAMBIOS_ESTRUCTURA_NUEVA_BASE.gdb\Estratificacion\Manzana_estratificacion_C30062004,CODIGO_MANZANA,-1,-1;ESTRATO "Estrato" true true false 2 Short 0 5 ,First,#,R:\DATOS\0_URGENTE_TAREAS_VARIAS\MATRIZ_BDG\A_INFORMACION_HOMOLOGADA_CAMBIOS_ESTRUCTURA_NUEVA_BASE.gdb\Estratificacion\Manzana_estratificacion_C30062004,ESTRATO,-1,-1;CODIGO_ZONA_ESTRATO "Código Zona Estrato" true true false 4 Long 0 10 ,First,#,R:\DATOS\0_URGENTE_TAREAS_VARIAS\MATRIZ_BDG\A_INFORMACION_HOMOLOGADA_CAMBIOS_ESTRUCTURA_NUEVA_BASE.gdb\Estratificacion\Manzana_estratificacion_C30062004,CODIGO_ZONA_ESTRATO,-1,-1;CODIGO_CRITERIO "Código Criterio" true true false 4 Text 0 0 ,First,#,R:\DATOS\0_URGENTE_TAREAS_VARIAS\MATRIZ_BDG\A_INFORMACION_HOMOLOGADA_CAMBIOS_ESTRUCTURA_NUEVA_BASE.gdb\Estratificacion\Manzana_estratificacion_C30062004,CODIGO_CRITERIO,-1,-1;NORMATIVA "Normativa" true true false 6 Text 0 0 ,First,#,R:\DATOS\0_URGENTE_TAREAS_VARIAS\MATRIZ_BDG\A_INFORMACION_HOMOLOGADA_CAMBIOS_ESTRUCTURA_NUEVA_BASE.gdb\Estratificacion\Manzana_estratificacion_C30062004,NORMATIVA,-1,-1;ACTO_ADMINISTRATIVO "Acto Administrativo" true true false 4 Text 0 0 ,First,#,R:\DATOS\0_URGENTE_TAREAS_VARIAS\MATRIZ_BDG\A_INFORMACION_HOMOLOGADA_CAMBIOS_ESTRUCTURA_NUEVA_BASE.gdb\Estratificacion\Manzana_estratificacion_C30062004,ACTO_ADMINISTRATIVO,-1,-1;NUMERO_ACTO_ADMINISTRATIVO "Número Acto Administrativo" true true false 4 Long 0 10 ,First,#,R:\DATOS\0_URGENTE_TAREAS_VARIAS\MATRIZ_BDG\A_INFORMACION_HOMOLOGADA_CAMBIOS_ESTRUCTURA_NUEVA_BASE.gdb\Estratificacion\Manzana_estratificacion_C30062004,NUMERO_ACTO_ADMINISTRATIVO,-1,-1;FECHA_ACTO_ADMINISTRATIVO "Fecha Acto Administrativo" true true false 36 Date 0 0 ,First,#,R:\DATOS\0_URGENTE_TAREAS_VARIAS\MATRIZ_BDG\A_INFORMACION_HOMOLOGADA_CAMBIOS_ESTRUCTURA_NUEVA_BASE.gdb\Estratificacion\Manzana_estratificacion_C30062004,FECHA_ACTO_ADMINISTRATIVO,-1,-1;ESCALA_CAPTURA "Escala Captura" true true false 10 Text 0 0 ,First,#,R:\DATOS\0_URGENTE_TAREAS_VARIAS\MATRIZ_BDG\A_INFORMACION_HOMOLOGADA_CAMBIOS_ESTRUCTURA_NUEVA_BASE.gdb\Estratificacion\Manzana_estratificacion_C30062004,ESCALA_CAPTURA,-1,-1;FECHA_CAPTURA "Fecha Captura" true true false 36 Date 0 0 ,First,#,R:\DATOS\0_URGENTE_TAREAS_VARIAS\MATRIZ_BDG\A_INFORMACION_HOMOLOGADA_CAMBIOS_ESTRUCTURA_NUEVA_BASE.gdb\Estratificacion\Manzana_estratificacion_C30062004,FECHA_CAPTURA,-1,-1;RESPONSABLE "Responsable" true true false 4 Text 0 0 ,First,#,R:\DATOS\0_URGENTE_TAREAS_VARIAS\MATRIZ_BDG\A_INFORMACION_HOMOLOGADA_CAMBIOS_ESTRUCTURA_NUEVA_BASE.gdb\Estratificacion\Manzana_estratificacion_C30062004,RESPONSABLE,-1,-1;SHAPE.AREA "SHAPE.AREA" false false true 0 Double 0 0 ,First,#;SHAPE.LEN "SHAPE.LEN" false false true 0 Double 0 0 ,First,#" #</Process><Process ToolSource="c:\program files (x86)\arcgis\desktop10.1\ArcToolbox\Toolboxes\Data Management Tools.tbx\DeleteFeatures" Date="20181031" Time="120828">DeleteFeatures "Database Connections\BDG-SDP.sde\ADMBDG.Estratificacion\ADMBDG.Manzana_estratificacion"</Process><Process ToolSource="c:\program files (x86)\arcgis\desktop10.1\ArcToolbox\Toolboxes\Data Management Tools.tbx\Append" Date="20181031" Time="141416">Append R:\DATOS\0_URGENTE_TAREAS_VARIAS\MATRIZ_BDG\A_INFORMACION_HOMOLOGADA_CAMBIOS_ESTRUCTURA_NUEVA_BASE.gdb\Estratificacion\Manzana_estratificacion_D01022008 "Database Connections\BDG-SDP.sde\ADMBDG.Estratificacion\ADMBDG.Manzana_estratificacion" NO_TEST "CODIGO_MANZANA "Identificador Único Código Manzana" true true false 9 Text 0 0 ,First,#,R:\DATOS\0_URGENTE_TAREAS_VARIAS\MATRIZ_BDG\A_INFORMACION_HOMOLOGADA_CAMBIOS_ESTRUCTURA_NUEVA_BASE.gdb\Estratificacion\Manzana_estratificacion_D01022008,CODIGO_MANZANA,-1,-1;ESTRATO "Estrato" true true false 2 Short 0 5 ,First,#,R:\DATOS\0_URGENTE_TAREAS_VARIAS\MATRIZ_BDG\A_INFORMACION_HOMOLOGADA_CAMBIOS_ESTRUCTURA_NUEVA_BASE.gdb\Estratificacion\Manzana_estratificacion_D01022008,ESTRATO,-1,-1;CODIGO_ZONA_ESTRATO "Código Zona Estrato" true true false 4 Long 0 10 ,First,#;CODIGO_CRITERIO "Código Criterio" true true false 4 Text 0 0 ,First,#,R:\DATOS\0_URGENTE_TAREAS_VARIAS\MATRIZ_BDG\A_INFORMACION_HOMOLOGADA_CAMBIOS_ESTRUCTURA_NUEVA_BASE.gdb\Estratificacion\Manzana_estratificacion_D01022008,CODIGO_CRITERIO,-1,-1;NORMATIVA "Normativa" true true false 6 Text 0 0 ,First,#,R:\DATOS\0_URGENTE_TAREAS_VARIAS\MATRIZ_BDG\A_INFORMACION_HOMOLOGADA_CAMBIOS_ESTRUCTURA_NUEVA_BASE.gdb\Estratificacion\Manzana_estratificacion_D01022008,NORMATIVA,-1,-1;ACTO_ADMINISTRATIVO "Acto Administrativo" true true false 4 Text 0 0 ,First,#,R:\DATOS\0_URGENTE_TAREAS_VARIAS\MATRIZ_BDG\A_INFORMACION_HOMOLOGADA_CAMBIOS_ESTRUCTURA_NUEVA_BASE.gdb\Estratificacion\Manzana_estratificacion_D01022008,ACTO_ADMINISTRATIVO,-1,-1;NUMERO_ACTO_ADMINISTRATIVO "Número Acto Administrativo" true true false 4 Long 0 10 ,First,#,R:\DATOS\0_URGENTE_TAREAS_VARIAS\MATRIZ_BDG\A_INFORMACION_HOMOLOGADA_CAMBIOS_ESTRUCTURA_NUEVA_BASE.gdb\Estratificacion\Manzana_estratificacion_D01022008,NUMERO_ACTO_ADMINISTRATIVO,-1,-1;FECHA_ACTO_ADMINISTRATIVO "Fecha Acto Administrativo" true true false 36 Date 0 0 ,First,#,R:\DATOS\0_URGENTE_TAREAS_VARIAS\MATRIZ_BDG\A_INFORMACION_HOMOLOGADA_CAMBIOS_ESTRUCTURA_NUEVA_BASE.gdb\Estratificacion\Manzana_estratificacion_D01022008,FECHA_ACTO_ADMINISTRATIVO,-1,-1;ESCALA_CAPTURA "Escala Captura" true true false 10 Text 0 0 ,First,#,R:\DATOS\0_URGENTE_TAREAS_VARIAS\MATRIZ_BDG\A_INFORMACION_HOMOLOGADA_CAMBIOS_ESTRUCTURA_NUEVA_BASE.gdb\Estratificacion\Manzana_estratificacion_D01022008,ESCALA_CAPTURA,-1,-1;FECHA_CAPTURA "Fecha Captura" true true false 36 Date 0 0 ,First,#,R:\DATOS\0_URGENTE_TAREAS_VARIAS\MATRIZ_BDG\A_INFORMACION_HOMOLOGADA_CAMBIOS_ESTRUCTURA_NUEVA_BASE.gdb\Estratificacion\Manzana_estratificacion_D01022008,FECHA_CAPTURA,-1,-1;RESPONSABLE "Responsable" true true false 4 Text 0 0 ,First,#,R:\DATOS\0_URGENTE_TAREAS_VARIAS\MATRIZ_BDG\A_INFORMACION_HOMOLOGADA_CAMBIOS_ESTRUCTURA_NUEVA_BASE.gdb\Estratificacion\Manzana_estratificacion_D01022008,RESPONSABLE,-1,-1;SHAPE.AREA "SHAPE.AREA" false false true 0 Double 0 0 ,First,#;SHAPE.LEN "SHAPE.LEN" false false true 0 Double 0 0 ,First,#" #</Process><Process ToolSource="c:\program files (x86)\arcgis\desktop10.1\ArcToolbox\Toolboxes\Data Management Tools.tbx\DeleteFeatures" Date="20181101" Time="064834">DeleteFeatures "Database Connections\BDG-SDP.sde\ADMBDG.Estratificacion\ADMBDG.Manzana_estratificacion"</Process><Process ToolSource="c:\program files (x86)\arcgis\desktop10.1\ArcToolbox\Toolboxes\Data Management Tools.tbx\Append" Date="20181101" Time="065514">Append R:\DATOS\0_URGENTE_TAREAS_VARIAS\MATRIZ_BDG\A_INFORMACION_HOMOLOGADA_CAMBIOS_ESTRUCTURA_NUEVA_BASE.gdb\Estratificacion\Manzana_estratificacion_E12012009 "Database Connections\BDG-SDP.sde\ADMBDG.Estratificacion\ADMBDG.Manzana_estratificacion" NO_TEST "CODIGO_MANZANA "Identificador Único Código Manzana" true true false 9 Text 0 0 ,First,#,R:\DATOS\0_URGENTE_TAREAS_VARIAS\MATRIZ_BDG\A_INFORMACION_HOMOLOGADA_CAMBIOS_ESTRUCTURA_NUEVA_BASE.gdb\Estratificacion\Manzana_estratificacion_E12012009,CODIGO_MANZANA,-1,-1;ESTRATO "Estrato" true true false 2 Short 0 5 ,First,#,R:\DATOS\0_URGENTE_TAREAS_VARIAS\MATRIZ_BDG\A_INFORMACION_HOMOLOGADA_CAMBIOS_ESTRUCTURA_NUEVA_BASE.gdb\Estratificacion\Manzana_estratificacion_E12012009,ESTRATO,-1,-1;CODIGO_ZONA_ESTRATO "Código Zona Estrato" true true false 4 Long 0 10 ,First,#;CODIGO_CRITERIO "Código Criterio" true true false 4 Text 0 0 ,First,#,R:\DATOS\0_URGENTE_TAREAS_VARIAS\MATRIZ_BDG\A_INFORMACION_HOMOLOGADA_CAMBIOS_ESTRUCTURA_NUEVA_BASE.gdb\Estratificacion\Manzana_estratificacion_E12012009,CODIGO_CRITERIO,-1,-1;NORMATIVA "Normativa" true true false 6 Text 0 0 ,First,#,R:\DATOS\0_URGENTE_TAREAS_VARIAS\MATRIZ_BDG\A_INFORMACION_HOMOLOGADA_CAMBIOS_ESTRUCTURA_NUEVA_BASE.gdb\Estratificacion\Manzana_estratificacion_E12012009,NORMATIVA,-1,-1;ACTO_ADMINISTRATIVO "Acto Administrativo" true true false 4 Text 0 0 ,First,#,R:\DATOS\0_URGENTE_TAREAS_VARIAS\MATRIZ_BDG\A_INFORMACION_HOMOLOGADA_CAMBIOS_ESTRUCTURA_NUEVA_BASE.gdb\Estratificacion\Manzana_estratificacion_E12012009,ACTO_ADMINISTRATIVO,-1,-1;NUMERO_ACTO_ADMINISTRATIVO "Número Acto Administrativo" true true false 4 Long 0 10 ,First,#,R:\DATOS\0_URGENTE_TAREAS_VARIAS\MATRIZ_BDG\A_INFORMACION_HOMOLOGADA_CAMBIOS_ESTRUCTURA_NUEVA_BASE.gdb\Estratificacion\Manzana_estratificacion_E12012009,NUMERO_ACTO_ADMINISTRATIVO,-1,-1;FECHA_ACTO_ADMINISTRATIVO "Fecha Acto Administrativo" true true false 36 Date 0 0 ,First,#,R:\DATOS\0_URGENTE_TAREAS_VARIAS\MATRIZ_BDG\A_INFORMACION_HOMOLOGADA_CAMBIOS_ESTRUCTURA_NUEVA_BASE.gdb\Estratificacion\Manzana_estratificacion_E12012009,FECHA_ACTO_ADMINISTRATIVO,-1,-1;ESCALA_CAPTURA "Escala Captura" true true false 10 Text 0 0 ,First,#,R:\DATOS\0_URGENTE_TAREAS_VARIAS\MATRIZ_BDG\A_INFORMACION_HOMOLOGADA_CAMBIOS_ESTRUCTURA_NUEVA_BASE.gdb\Estratificacion\Manzana_estratificacion_E12012009,ESCALA_CAPTURA,-1,-1;FECHA_CAPTURA "Fecha Captura" true true false 36 Date 0 0 ,First,#,R:\DATOS\0_URGENTE_TAREAS_VARIAS\MATRIZ_BDG\A_INFORMACION_HOMOLOGADA_CAMBIOS_ESTRUCTURA_NUEVA_BASE.gdb\Estratificacion\Manzana_estratificacion_E12012009,FECHA_CAPTURA,-1,-1;RESPONSABLE "Responsable" true true false 4 Text 0 0 ,First,#,R:\DATOS\0_URGENTE_TAREAS_VARIAS\MATRIZ_BDG\A_INFORMACION_HOMOLOGADA_CAMBIOS_ESTRUCTURA_NUEVA_BASE.gdb\Estratificacion\Manzana_estratificacion_E12012009,RESPONSABLE,-1,-1;SHAPE.AREA "SHAPE.AREA" false false true 0 Double 0 0 ,First,#;SHAPE.LEN "SHAPE.LEN" false false true 0 Double 0 0 ,First,#" #</Process><Process ToolSource="c:\program files (x86)\arcgis\desktop10.1\ArcToolbox\Toolboxes\Data Management Tools.tbx\DeleteFeatures" Date="20181101" Time="065704">DeleteFeatures "Database Connections\BDG-SDP.sde\ADMBDG.Estratificacion\ADMBDG.Manzana_estratificacion"</Process><Process ToolSource="c:\program files (x86)\arcgis\desktop10.1\ArcToolbox\Toolboxes\Data Management Tools.tbx\Append" Date="20181102" Time="065313">Append R:\DATOS\0_URGENTE_TAREAS_VARIAS\MATRIZ_BDG\A_INFORMACION_HOMOLOGADA_CAMBIOS_ESTRUCTURA_NUEVA_BASE.gdb\Estratificacion\Manzana_estratificacion_A09011997 "Database Connections\BDG-SDP.sde\ADMBDG.Estratificacion\ADMBDG.Manzana_estratificacion" NO_TEST "CODIGO_MANZANA "Identificador Único Código Manzana" true true false 9 Text 0 0 ,First,#,R:\DATOS\0_URGENTE_TAREAS_VARIAS\MATRIZ_BDG\A_INFORMACION_HOMOLOGADA_CAMBIOS_ESTRUCTURA_NUEVA_BASE.gdb\Estratificacion\Manzana_estratificacion_A09011997,CODIGO_MANZANA,-1,-1;ESTRATO "Estrato" true true false 2 Short 0 5 ,First,#,R:\DATOS\0_URGENTE_TAREAS_VARIAS\MATRIZ_BDG\A_INFORMACION_HOMOLOGADA_CAMBIOS_ESTRUCTURA_NUEVA_BASE.gdb\Estratificacion\Manzana_estratificacion_A09011997,ESTRATO,-1,-1;CODIGO_ZONA_ESTRATO "Código Zona Estrato" true true false 4 Long 0 10 ,First,#,R:\DATOS\0_URGENTE_TAREAS_VARIAS\MATRIZ_BDG\A_INFORMACION_HOMOLOGADA_CAMBIOS_ESTRUCTURA_NUEVA_BASE.gdb\Estratificacion\Manzana_estratificacion_A09011997,CODIGO_ZONA_ESTRATO,-1,-1;CODIGO_CRITERIO "Código Criterio" true true false 4 Text 0 0 ,First,#,R:\DATOS\0_URGENTE_TAREAS_VARIAS\MATRIZ_BDG\A_INFORMACION_HOMOLOGADA_CAMBIOS_ESTRUCTURA_NUEVA_BASE.gdb\Estratificacion\Manzana_estratificacion_A09011997,CODIGO_CRITERIO,-1,-1;NORMATIVA "Normativa" true true false 6 Text 0 0 ,First,#,R:\DATOS\0_URGENTE_TAREAS_VARIAS\MATRIZ_BDG\A_INFORMACION_HOMOLOGADA_CAMBIOS_ESTRUCTURA_NUEVA_BASE.gdb\Estratificacion\Manzana_estratificacion_A09011997,NORMATIVA,-1,-1;ACTO_ADMINISTRATIVO "Acto Administrativo" true true false 4 Text 0 0 ,First,#,R:\DATOS\0_URGENTE_TAREAS_VARIAS\MATRIZ_BDG\A_INFORMACION_HOMOLOGADA_CAMBIOS_ESTRUCTURA_NUEVA_BASE.gdb\Estratificacion\Manzana_estratificacion_A09011997,ACTO_ADMINISTRATIVO,-1,-1;NUMERO_ACTO_ADMINISTRATIVO "Número Acto Administrativo" true true false 4 Long 0 10 ,First,#,R:\DATOS\0_URGENTE_TAREAS_VARIAS\MATRIZ_BDG\A_INFORMACION_HOMOLOGADA_CAMBIOS_ESTRUCTURA_NUEVA_BASE.gdb\Estratificacion\Manzana_estratificacion_A09011997,NUMERO_ACTO_ADMINISTRATIVO,-1,-1;FECHA_ACTO_ADMINISTRATIVO "Fecha Acto Administrativo" true true false 36 Date 0 0 ,First,#,R:\DATOS\0_URGENTE_TAREAS_VARIAS\MATRIZ_BDG\A_INFORMACION_HOMOLOGADA_CAMBIOS_ESTRUCTURA_NUEVA_BASE.gdb\Estratificacion\Manzana_estratificacion_A09011997,FECHA_ACTO_ADMINISTRATIVO,-1,-1;ESCALA_CAPTURA "Escala Captura" true true false 10 Text 0 0 ,First,#,R:\DATOS\0_URGENTE_TAREAS_VARIAS\MATRIZ_BDG\A_INFORMACION_HOMOLOGADA_CAMBIOS_ESTRUCTURA_NUEVA_BASE.gdb\Estratificacion\Manzana_estratificacion_A09011997,ESCALA_CAPTURA,-1,-1;FECHA_CAPTURA "Fecha Captura" true true false 36 Date 0 0 ,First,#,R:\DATOS\0_URGENTE_TAREAS_VARIAS\MATRIZ_BDG\A_INFORMACION_HOMOLOGADA_CAMBIOS_ESTRUCTURA_NUEVA_BASE.gdb\Estratificacion\Manzana_estratificacion_A09011997,FECHA_CAPTURA,-1,-1;RESPONSABLE "Responsable" true true false 4 Text 0 0 ,First,#,R:\DATOS\0_URGENTE_TAREAS_VARIAS\MATRIZ_BDG\A_INFORMACION_HOMOLOGADA_CAMBIOS_ESTRUCTURA_NUEVA_BASE.gdb\Estratificacion\Manzana_estratificacion_A09011997,RESPONSABLE,-1,-1;SHAPE.AREA "SHAPE.AREA" false false true 0 Double 0 0 ,First,#;SHAPE.LEN "SHAPE.LEN" false false true 0 Double 0 0 ,First,#" #</Process><Process ToolSource="c:\program files (x86)\arcgis\desktop10.1\ArcToolbox\Toolboxes\Data Management Tools.tbx\DeleteFeatures" Date="20181102" Time="065600">DeleteFeatures "Database Connections\BDG-SDP.sde\ADMBDG.Estratificacion\ADMBDG.Manzana_estratificacion"</Process><Process ToolSource="c:\program files (x86)\arcgis\desktop10.1\ArcToolbox\Toolboxes\Data Management Tools.tbx\Append" Date="20181102" Time="070029">Append R:\DATOS\0_URGENTE_TAREAS_VARIAS\MATRIZ_BDG\A_INFORMACION_HOMOLOGADA_CAMBIOS_ESTRUCTURA_NUEVA_BASE.gdb\Estratificacion\Manzana_estratificacion_B08072002 "Database Connections\BDG-SDP.sde\ADMBDG.Estratificacion\ADMBDG.Manzana_estratificacion" NO_TEST "CODIGO_MANZANA "Identificador Único Código Manzana" true true false 9 Text 0 0 ,First,#,R:\DATOS\0_URGENTE_TAREAS_VARIAS\MATRIZ_BDG\A_INFORMACION_HOMOLOGADA_CAMBIOS_ESTRUCTURA_NUEVA_BASE.gdb\Estratificacion\Manzana_estratificacion_B08072002,CODIGO_MANZANA,-1,-1;ESTRATO "Estrato" true true false 2 Short 0 5 ,First,#,R:\DATOS\0_URGENTE_TAREAS_VARIAS\MATRIZ_BDG\A_INFORMACION_HOMOLOGADA_CAMBIOS_ESTRUCTURA_NUEVA_BASE.gdb\Estratificacion\Manzana_estratificacion_B08072002,ESTRATO,-1,-1;CODIGO_ZONA_ESTRATO "Código Zona Estrato" true true false 4 Long 0 10 ,First,#,R:\DATOS\0_URGENTE_TAREAS_VARIAS\MATRIZ_BDG\A_INFORMACION_HOMOLOGADA_CAMBIOS_ESTRUCTURA_NUEVA_BASE.gdb\Estratificacion\Manzana_estratificacion_B08072002,CODIGO_ZONA_ESTRATO,-1,-1;CODIGO_CRITERIO "Código Criterio" true true false 4 Text 0 0 ,First,#,R:\DATOS\0_URGENTE_TAREAS_VARIAS\MATRIZ_BDG\A_INFORMACION_HOMOLOGADA_CAMBIOS_ESTRUCTURA_NUEVA_BASE.gdb\Estratificacion\Manzana_estratificacion_B08072002,CODIGO_CRITERIO,-1,-1;NORMATIVA "Normativa" true true false 6 Text 0 0 ,First,#,R:\DATOS\0_URGENTE_TAREAS_VARIAS\MATRIZ_BDG\A_INFORMACION_HOMOLOGADA_CAMBIOS_ESTRUCTURA_NUEVA_BASE.gdb\Estratificacion\Manzana_estratificacion_B08072002,NORMATIVA,-1,-1;ACTO_ADMINISTRATIVO "Acto Administrativo" true true false 4 Text 0 0 ,First,#,R:\DATOS\0_URGENTE_TAREAS_VARIAS\MATRIZ_BDG\A_INFORMACION_HOMOLOGADA_CAMBIOS_ESTRUCTURA_NUEVA_BASE.gdb\Estratificacion\Manzana_estratificacion_B08072002,ACTO_ADMINISTRATIVO,-1,-1;NUMERO_ACTO_ADMINISTRATIVO "Número Acto Administrativo" true true false 4 Long 0 10 ,First,#,R:\DATOS\0_URGENTE_TAREAS_VARIAS\MATRIZ_BDG\A_INFORMACION_HOMOLOGADA_CAMBIOS_ESTRUCTURA_NUEVA_BASE.gdb\Estratificacion\Manzana_estratificacion_B08072002,NUMERO_ACTO_ADMINISTRATIVO,-1,-1;FECHA_ACTO_ADMINISTRATIVO "Fecha Acto Administrativo" true true false 36 Date 0 0 ,First,#,R:\DATOS\0_URGENTE_TAREAS_VARIAS\MATRIZ_BDG\A_INFORMACION_HOMOLOGADA_CAMBIOS_ESTRUCTURA_NUEVA_BASE.gdb\Estratificacion\Manzana_estratificacion_B08072002,FECHA_ACTO_ADMINISTRATIVO,-1,-1;ESCALA_CAPTURA "Escala Captura" true true false 10 Text 0 0 ,First,#,R:\DATOS\0_URGENTE_TAREAS_VARIAS\MATRIZ_BDG\A_INFORMACION_HOMOLOGADA_CAMBIOS_ESTRUCTURA_NUEVA_BASE.gdb\Estratificacion\Manzana_estratificacion_B08072002,ESCALA_CAPTURA,-1,-1;FECHA_CAPTURA "Fecha Captura" true true false 36 Date 0 0 ,First,#,R:\DATOS\0_URGENTE_TAREAS_VARIAS\MATRIZ_BDG\A_INFORMACION_HOMOLOGADA_CAMBIOS_ESTRUCTURA_NUEVA_BASE.gdb\Estratificacion\Manzana_estratificacion_B08072002,FECHA_CAPTURA,-1,-1;RESPONSABLE "Responsable" true true false 4 Text 0 0 ,First,#,R:\DATOS\0_URGENTE_TAREAS_VARIAS\MATRIZ_BDG\A_INFORMACION_HOMOLOGADA_CAMBIOS_ESTRUCTURA_NUEVA_BASE.gdb\Estratificacion\Manzana_estratificacion_B08072002,RESPONSABLE,-1,-1;SHAPE.AREA "SHAPE.AREA" false false true 0 Double 0 0 ,First,#;SHAPE.LEN "SHAPE.LEN" false false true 0 Double 0 0 ,First,#" #</Process><Process ToolSource="c:\program files (x86)\arcgis\desktop10.1\ArcToolbox\Toolboxes\Data Management Tools.tbx\DeleteFeatures" Date="20181102" Time="070807">DeleteFeatures "Database Connections\BDG-SDP.sde\ADMBDG.Estratificacion\ADMBDG.Manzana_estratificacion"</Process><Process ToolSource="c:\program files (x86)\arcgis\desktop10.1\ArcToolbox\Toolboxes\Data Management Tools.tbx\Append" Date="20181102" Time="071314">Append R:\DATOS\0_URGENTE_TAREAS_VARIAS\MATRIZ_BDG\A_INFORMACION_HOMOLOGADA_CAMBIOS_ESTRUCTURA_NUEVA_BASE.gdb\Estratificacion\Manzana_estratificacion_C30062004 "Database Connections\BDG-SDP.sde\ADMBDG.Estratificacion\ADMBDG.Manzana_estratificacion" NO_TEST "CODIGO_MANZANA "Identificador Único Código Manzana" true true false 9 Text 0 0 ,First,#,R:\DATOS\0_URGENTE_TAREAS_VARIAS\MATRIZ_BDG\A_INFORMACION_HOMOLOGADA_CAMBIOS_ESTRUCTURA_NUEVA_BASE.gdb\Estratificacion\Manzana_estratificacion_C30062004,CODIGO_MANZANA,-1,-1;ESTRATO "Estrato" true true false 2 Short 0 5 ,First,#,R:\DATOS\0_URGENTE_TAREAS_VARIAS\MATRIZ_BDG\A_INFORMACION_HOMOLOGADA_CAMBIOS_ESTRUCTURA_NUEVA_BASE.gdb\Estratificacion\Manzana_estratificacion_C30062004,ESTRATO,-1,-1;CODIGO_ZONA_ESTRATO "Código Zona Estrato" true true false 4 Long 0 10 ,First,#,R:\DATOS\0_URGENTE_TAREAS_VARIAS\MATRIZ_BDG\A_INFORMACION_HOMOLOGADA_CAMBIOS_ESTRUCTURA_NUEVA_BASE.gdb\Estratificacion\Manzana_estratificacion_C30062004,CODIGO_ZONA_ESTRATO,-1,-1;CODIGO_CRITERIO "Código Criterio" true true false 4 Text 0 0 ,First,#,R:\DATOS\0_URGENTE_TAREAS_VARIAS\MATRIZ_BDG\A_INFORMACION_HOMOLOGADA_CAMBIOS_ESTRUCTURA_NUEVA_BASE.gdb\Estratificacion\Manzana_estratificacion_C30062004,CODIGO_CRITERIO,-1,-1;NORMATIVA "Normativa" true true false 6 Text 0 0 ,First,#,R:\DATOS\0_URGENTE_TAREAS_VARIAS\MATRIZ_BDG\A_INFORMACION_HOMOLOGADA_CAMBIOS_ESTRUCTURA_NUEVA_BASE.gdb\Estratificacion\Manzana_estratificacion_C30062004,NORMATIVA,-1,-1;ACTO_ADMINISTRATIVO "Acto Administrativo" true true false 4 Text 0 0 ,First,#,R:\DATOS\0_URGENTE_TAREAS_VARIAS\MATRIZ_BDG\A_INFORMACION_HOMOLOGADA_CAMBIOS_ESTRUCTURA_NUEVA_BASE.gdb\Estratificacion\Manzana_estratificacion_C30062004,ACTO_ADMINISTRATIVO,-1,-1;NUMERO_ACTO_ADMINISTRATIVO "Número Acto Administrativo" true true false 4 Long 0 10 ,First,#,R:\DATOS\0_URGENTE_TAREAS_VARIAS\MATRIZ_BDG\A_INFORMACION_HOMOLOGADA_CAMBIOS_ESTRUCTURA_NUEVA_BASE.gdb\Estratificacion\Manzana_estratificacion_C30062004,NUMERO_ACTO_ADMINISTRATIVO,-1,-1;FECHA_ACTO_ADMINISTRATIVO "Fecha Acto Administrativo" true true false 36 Date 0 0 ,First,#,R:\DATOS\0_URGENTE_TAREAS_VARIAS\MATRIZ_BDG\A_INFORMACION_HOMOLOGADA_CAMBIOS_ESTRUCTURA_NUEVA_BASE.gdb\Estratificacion\Manzana_estratificacion_C30062004,FECHA_ACTO_ADMINISTRATIVO,-1,-1;ESCALA_CAPTURA "Escala Captura" true true false 10 Text 0 0 ,First,#,R:\DATOS\0_URGENTE_TAREAS_VARIAS\MATRIZ_BDG\A_INFORMACION_HOMOLOGADA_CAMBIOS_ESTRUCTURA_NUEVA_BASE.gdb\Estratificacion\Manzana_estratificacion_C30062004,ESCALA_CAPTURA,-1,-1;FECHA_CAPTURA "Fecha Captura" true true false 36 Date 0 0 ,First,#,R:\DATOS\0_URGENTE_TAREAS_VARIAS\MATRIZ_BDG\A_INFORMACION_HOMOLOGADA_CAMBIOS_ESTRUCTURA_NUEVA_BASE.gdb\Estratificacion\Manzana_estratificacion_C30062004,FECHA_CAPTURA,-1,-1;RESPONSABLE "Responsable" true true false 4 Text 0 0 ,First,#,R:\DATOS\0_URGENTE_TAREAS_VARIAS\MATRIZ_BDG\A_INFORMACION_HOMOLOGADA_CAMBIOS_ESTRUCTURA_NUEVA_BASE.gdb\Estratificacion\Manzana_estratificacion_C30062004,RESPONSABLE,-1,-1;SHAPE.AREA "SHAPE.AREA" false false true 0 Double 0 0 ,First,#;SHAPE.LEN "SHAPE.LEN" false false true 0 Double 0 0 ,First,#" #</Process><Process ToolSource="c:\program files (x86)\arcgis\desktop10.1\ArcToolbox\Toolboxes\Data Management Tools.tbx\DeleteFeatures" Date="20181102" Time="071814">DeleteFeatures "Database Connections\BDG-SDP.sde\ADMBDG.Estratificacion\ADMBDG.Manzana_estratificacion"</Process><Process ToolSource="c:\program files (x86)\arcgis\desktop10.1\ArcToolbox\Toolboxes\Data Management Tools.tbx\Append" Date="20181102" Time="072313">Append R:\DATOS\0_URGENTE_TAREAS_VARIAS\MATRIZ_BDG\A_INFORMACION_HOMOLOGADA_CAMBIOS_ESTRUCTURA_NUEVA_BASE.gdb\Estratificacion\Manzana_estratificacion_C30062004 "Database Connections\BDG-SDP.sde\ADMBDG.Estratificacion\ADMBDG.Manzana_estratificacion" NO_TEST "CODIGO_MANZANA "Identificador Único Código Manzana" true true false 9 Text 0 0 ,First,#,R:\DATOS\0_URGENTE_TAREAS_VARIAS\MATRIZ_BDG\A_INFORMACION_HOMOLOGADA_CAMBIOS_ESTRUCTURA_NUEVA_BASE.gdb\Estratificacion\Manzana_estratificacion_C30062004,CODIGO_MANZANA,-1,-1;ESTRATO "Estrato" true true false 2 Short 0 5 ,First,#,R:\DATOS\0_URGENTE_TAREAS_VARIAS\MATRIZ_BDG\A_INFORMACION_HOMOLOGADA_CAMBIOS_ESTRUCTURA_NUEVA_BASE.gdb\Estratificacion\Manzana_estratificacion_C30062004,ESTRATO,-1,-1;CODIGO_ZONA_ESTRATO "Código Zona Estrato" true true false 4 Long 0 10 ,First,#,R:\DATOS\0_URGENTE_TAREAS_VARIAS\MATRIZ_BDG\A_INFORMACION_HOMOLOGADA_CAMBIOS_ESTRUCTURA_NUEVA_BASE.gdb\Estratificacion\Manzana_estratificacion_C30062004,CODIGO_ZONA_ESTRATO,-1,-1;CODIGO_CRITERIO "Código Criterio" true true false 4 Text 0 0 ,First,#,R:\DATOS\0_URGENTE_TAREAS_VARIAS\MATRIZ_BDG\A_INFORMACION_HOMOLOGADA_CAMBIOS_ESTRUCTURA_NUEVA_BASE.gdb\Estratificacion\Manzana_estratificacion_C30062004,CODIGO_CRITERIO,-1,-1;NORMATIVA "Normativa" true true false 6 Text 0 0 ,First,#,R:\DATOS\0_URGENTE_TAREAS_VARIAS\MATRIZ_BDG\A_INFORMACION_HOMOLOGADA_CAMBIOS_ESTRUCTURA_NUEVA_BASE.gdb\Estratificacion\Manzana_estratificacion_C30062004,NORMATIVA,-1,-1;ACTO_ADMINISTRATIVO "Acto Administrativo" true true false 4 Text 0 0 ,First,#,R:\DATOS\0_URGENTE_TAREAS_VARIAS\MATRIZ_BDG\A_INFORMACION_HOMOLOGADA_CAMBIOS_ESTRUCTURA_NUEVA_BASE.gdb\Estratificacion\Manzana_estratificacion_C30062004,ACTO_ADMINISTRATIVO,-1,-1;NUMERO_ACTO_ADMINISTRATIVO "Número Acto Administrativo" true true false 4 Long 0 10 ,First,#,R:\DATOS\0_URGENTE_TAREAS_VARIAS\MATRIZ_BDG\A_INFORMACION_HOMOLOGADA_CAMBIOS_ESTRUCTURA_NUEVA_BASE.gdb\Estratificacion\Manzana_estratificacion_C30062004,NUMERO_ACTO_ADMINISTRATIVO,-1,-1;FECHA_ACTO_ADMINISTRATIVO "Fecha Acto Administrativo" true true false 36 Date 0 0 ,First,#,R:\DATOS\0_URGENTE_TAREAS_VARIAS\MATRIZ_BDG\A_INFORMACION_HOMOLOGADA_CAMBIOS_ESTRUCTURA_NUEVA_BASE.gdb\Estratificacion\Manzana_estratificacion_C30062004,FECHA_ACTO_ADMINISTRATIVO,-1,-1;ESCALA_CAPTURA "Escala Captura" true true false 10 Text 0 0 ,First,#,R:\DATOS\0_URGENTE_TAREAS_VARIAS\MATRIZ_BDG\A_INFORMACION_HOMOLOGADA_CAMBIOS_ESTRUCTURA_NUEVA_BASE.gdb\Estratificacion\Manzana_estratificacion_C30062004,ESCALA_CAPTURA,-1,-1;FECHA_CAPTURA "Fecha Captura" true true false 36 Date 0 0 ,First,#,R:\DATOS\0_URGENTE_TAREAS_VARIAS\MATRIZ_BDG\A_INFORMACION_HOMOLOGADA_CAMBIOS_ESTRUCTURA_NUEVA_BASE.gdb\Estratificacion\Manzana_estratificacion_C30062004,FECHA_CAPTURA,-1,-1;RESPONSABLE "Responsable" true true false 4 Text 0 0 ,First,#,R:\DATOS\0_URGENTE_TAREAS_VARIAS\MATRIZ_BDG\A_INFORMACION_HOMOLOGADA_CAMBIOS_ESTRUCTURA_NUEVA_BASE.gdb\Estratificacion\Manzana_estratificacion_C30062004,RESPONSABLE,-1,-1;SHAPE.AREA "SHAPE.AREA" false false true 0 Double 0 0 ,First,#;SHAPE.LEN "SHAPE.LEN" false false true 0 Double 0 0 ,First,#" #</Process><Process ToolSource="c:\program files (x86)\arcgis\desktop10.1\ArcToolbox\Toolboxes\Data Management Tools.tbx\DeleteFeatures" Date="20181102" Time="072545">DeleteFeatures "Database Connections\BDG-SDP.sde\ADMBDG.Estratificacion\ADMBDG.Manzana_estratificacion"</Process><Process ToolSource="c:\program files (x86)\arcgis\desktop10.1\ArcToolbox\Toolboxes\Data Management Tools.tbx\Append" Date="20181102" Time="073743">Append R:\DATOS\0_URGENTE_TAREAS_VARIAS\MATRIZ_BDG\A_INFORMACION_HOMOLOGADA_CAMBIOS_ESTRUCTURA_NUEVA_BASE.gdb\Estratificacion\Manzana_estratificacion_D01022008 "Database Connections\BDG-SDP.sde\ADMBDG.Estratificacion\ADMBDG.Manzana_estratificacion" NO_TEST "CODIGO_MANZANA "Identificador Único Código Manzana" true true false 9 Text 0 0 ,First,#,R:\DATOS\0_URGENTE_TAREAS_VARIAS\MATRIZ_BDG\A_INFORMACION_HOMOLOGADA_CAMBIOS_ESTRUCTURA_NUEVA_BASE.gdb\Estratificacion\Manzana_estratificacion_D01022008,CODIGO_MANZANA,-1,-1;ESTRATO "Estrato" true true false 2 Short 0 5 ,First,#,R:\DATOS\0_URGENTE_TAREAS_VARIAS\MATRIZ_BDG\A_INFORMACION_HOMOLOGADA_CAMBIOS_ESTRUCTURA_NUEVA_BASE.gdb\Estratificacion\Manzana_estratificacion_D01022008,ESTRATO,-1,-1;CODIGO_ZONA_ESTRATO "Código Zona Estrato" true true false 4 Long 0 10 ,First,#;CODIGO_CRITERIO "Código Criterio" true true false 4 Text 0 0 ,First,#,R:\DATOS\0_URGENTE_TAREAS_VARIAS\MATRIZ_BDG\A_INFORMACION_HOMOLOGADA_CAMBIOS_ESTRUCTURA_NUEVA_BASE.gdb\Estratificacion\Manzana_estratificacion_D01022008,CODIGO_CRITERIO,-1,-1;NORMATIVA "Normativa" true true false 6 Text 0 0 ,First,#,R:\DATOS\0_URGENTE_TAREAS_VARIAS\MATRIZ_BDG\A_INFORMACION_HOMOLOGADA_CAMBIOS_ESTRUCTURA_NUEVA_BASE.gdb\Estratificacion\Manzana_estratificacion_D01022008,NORMATIVA,-1,-1;ACTO_ADMINISTRATIVO "Acto Administrativo" true true false 4 Text 0 0 ,First,#,R:\DATOS\0_URGENTE_TAREAS_VARIAS\MATRIZ_BDG\A_INFORMACION_HOMOLOGADA_CAMBIOS_ESTRUCTURA_NUEVA_BASE.gdb\Estratificacion\Manzana_estratificacion_D01022008,ACTO_ADMINISTRATIVO,-1,-1;NUMERO_ACTO_ADMINISTRATIVO "Número Acto Administrativo" true true false 4 Long 0 10 ,First,#,R:\DATOS\0_URGENTE_TAREAS_VARIAS\MATRIZ_BDG\A_INFORMACION_HOMOLOGADA_CAMBIOS_ESTRUCTURA_NUEVA_BASE.gdb\Estratificacion\Manzana_estratificacion_D01022008,NUMERO_ACTO_ADMINISTRATIVO,-1,-1;FECHA_ACTO_ADMINISTRATIVO "Fecha Acto Administrativo" true true false 36 Date 0 0 ,First,#,R:\DATOS\0_URGENTE_TAREAS_VARIAS\MATRIZ_BDG\A_INFORMACION_HOMOLOGADA_CAMBIOS_ESTRUCTURA_NUEVA_BASE.gdb\Estratificacion\Manzana_estratificacion_D01022008,FECHA_ACTO_ADMINISTRATIVO,-1,-1;ESCALA_CAPTURA "Escala Captura" true true false 10 Text 0 0 ,First,#,R:\DATOS\0_URGENTE_TAREAS_VARIAS\MATRIZ_BDG\A_INFORMACION_HOMOLOGADA_CAMBIOS_ESTRUCTURA_NUEVA_BASE.gdb\Estratificacion\Manzana_estratificacion_D01022008,ESCALA_CAPTURA,-1,-1;FECHA_CAPTURA "Fecha Captura" true true false 36 Date 0 0 ,First,#,R:\DATOS\0_URGENTE_TAREAS_VARIAS\MATRIZ_BDG\A_INFORMACION_HOMOLOGADA_CAMBIOS_ESTRUCTURA_NUEVA_BASE.gdb\Estratificacion\Manzana_estratificacion_D01022008,FECHA_CAPTURA,-1,-1;RESPONSABLE "Responsable" true true false 4 Text 0 0 ,First,#,R:\DATOS\0_URGENTE_TAREAS_VARIAS\MATRIZ_BDG\A_INFORMACION_HOMOLOGADA_CAMBIOS_ESTRUCTURA_NUEVA_BASE.gdb\Estratificacion\Manzana_estratificacion_D01022008,RESPONSABLE,-1,-1;SHAPE.AREA "SHAPE.AREA" false false true 0 Double 0 0 ,First,#;SHAPE.LEN "SHAPE.LEN" false false true 0 Double 0 0 ,First,#" #</Process><Process ToolSource="c:\program files (x86)\arcgis\desktop10.1\ArcToolbox\Toolboxes\Data Management Tools.tbx\DeleteFeatures" Date="20181102" Time="074040">DeleteFeatures "Database Connections\BDG-SDP.sde\ADMBDG.Estratificacion\ADMBDG.Manzana_estratificacion"</Process><Process ToolSource="c:\program files (x86)\arcgis\desktop10.1\ArcToolbox\Toolboxes\Data Management Tools.tbx\Append" Date="20181102" Time="131539">Append R:\DATOS\0_URGENTE_TAREAS_VARIAS\MATRIZ_BDG\A_INFORMACION_HOMOLOGADA_CAMBIOS_ESTRUCTURA_NUEVA_BASE.gdb\Estratificacion\Manzana_estratificacion_E12012009 "Database Connections\BDG-SDP.sde\ADMBDG.Estratificacion\ADMBDG.Manzana_estratificacion" NO_TEST "CODIGO_MANZANA "Identificador Único Código Manzana" true true false 9 Text 0 0 ,First,#,R:\DATOS\0_URGENTE_TAREAS_VARIAS\MATRIZ_BDG\A_INFORMACION_HOMOLOGADA_CAMBIOS_ESTRUCTURA_NUEVA_BASE.gdb\Estratificacion\Manzana_estratificacion_E12012009,CODIGO_MANZANA,-1,-1;ESTRATO "Estrato" true true false 2 Short 0 5 ,First,#,R:\DATOS\0_URGENTE_TAREAS_VARIAS\MATRIZ_BDG\A_INFORMACION_HOMOLOGADA_CAMBIOS_ESTRUCTURA_NUEVA_BASE.gdb\Estratificacion\Manzana_estratificacion_E12012009,ESTRATO,-1,-1;CODIGO_ZONA_ESTRATO "Código Zona Estrato" true true false 4 Long 0 10 ,First,#;CODIGO_CRITERIO "Código Criterio" true true false 4 Text 0 0 ,First,#,R:\DATOS\0_URGENTE_TAREAS_VARIAS\MATRIZ_BDG\A_INFORMACION_HOMOLOGADA_CAMBIOS_ESTRUCTURA_NUEVA_BASE.gdb\Estratificacion\Manzana_estratificacion_E12012009,CODIGO_CRITERIO,-1,-1;NORMATIVA "Normativa" true true false 6 Text 0 0 ,First,#,R:\DATOS\0_URGENTE_TAREAS_VARIAS\MATRIZ_BDG\A_INFORMACION_HOMOLOGADA_CAMBIOS_ESTRUCTURA_NUEVA_BASE.gdb\Estratificacion\Manzana_estratificacion_E12012009,NORMATIVA,-1,-1;ACTO_ADMINISTRATIVO "Acto Administrativo" true true false 4 Text 0 0 ,First,#,R:\DATOS\0_URGENTE_TAREAS_VARIAS\MATRIZ_BDG\A_INFORMACION_HOMOLOGADA_CAMBIOS_ESTRUCTURA_NUEVA_BASE.gdb\Estratificacion\Manzana_estratificacion_E12012009,ACTO_ADMINISTRATIVO,-1,-1;NUMERO_ACTO_ADMINISTRATIVO "Número Acto Administrativo" true true false 4 Long 0 10 ,First,#,R:\DATOS\0_URGENTE_TAREAS_VARIAS\MATRIZ_BDG\A_INFORMACION_HOMOLOGADA_CAMBIOS_ESTRUCTURA_NUEVA_BASE.gdb\Estratificacion\Manzana_estratificacion_E12012009,NUMERO_ACTO_ADMINISTRATIVO,-1,-1;FECHA_ACTO_ADMINISTRATIVO "Fecha Acto Administrativo" true true false 36 Date 0 0 ,First,#,R:\DATOS\0_URGENTE_TAREAS_VARIAS\MATRIZ_BDG\A_INFORMACION_HOMOLOGADA_CAMBIOS_ESTRUCTURA_NUEVA_BASE.gdb\Estratificacion\Manzana_estratificacion_E12012009,FECHA_ACTO_ADMINISTRATIVO,-1,-1;ESCALA_CAPTURA "Escala Captura" true true false 10 Text 0 0 ,First,#,R:\DATOS\0_URGENTE_TAREAS_VARIAS\MATRIZ_BDG\A_INFORMACION_HOMOLOGADA_CAMBIOS_ESTRUCTURA_NUEVA_BASE.gdb\Estratificacion\Manzana_estratificacion_E12012009,ESCALA_CAPTURA,-1,-1;FECHA_CAPTURA "Fecha Captura" true true false 36 Date 0 0 ,First,#,R:\DATOS\0_URGENTE_TAREAS_VARIAS\MATRIZ_BDG\A_INFORMACION_HOMOLOGADA_CAMBIOS_ESTRUCTURA_NUEVA_BASE.gdb\Estratificacion\Manzana_estratificacion_E12012009,FECHA_CAPTURA,-1,-1;RESPONSABLE "Responsable" true true false 4 Text 0 0 ,First,#,R:\DATOS\0_URGENTE_TAREAS_VARIAS\MATRIZ_BDG\A_INFORMACION_HOMOLOGADA_CAMBIOS_ESTRUCTURA_NUEVA_BASE.gdb\Estratificacion\Manzana_estratificacion_E12012009,RESPONSABLE,-1,-1;SHAPE.AREA "SHAPE.AREA" false false true 0 Double 0 0 ,First,#;SHAPE.LEN "SHAPE.LEN" false false true 0 Double 0 0 ,First,#" #</Process><Process ToolSource="c:\program files (x86)\arcgis\desktop10.1\ArcToolbox\Toolboxes\Data Management Tools.tbx\DeleteFeatures" Date="20181102" Time="140927">DeleteFeatures "Database Connections\BDG-SDP.sde\ADMBDG.Estratificacion\ADMBDG.Manzana_estratificacion"</Process><Process ToolSource="c:\program files (x86)\arcgis\desktop10.1\ArcToolbox\Toolboxes\Data Management Tools.tbx\Append" Date="20181102" Time="142702">Append R:\DATOS\0_URGENTE_TAREAS_VARIAS\MATRIZ_BDG\A_INFORMACION_HOMOLOGADA_CAMBIOS_ESTRUCTURA_NUEVA_BASE.gdb\Estratificacion\Manzana_estratificacion_F28032011 "Database Connections\BDG-SDP.sde\ADMBDG.Estratificacion\ADMBDG.Manzana_estratificacion" NO_TEST "CODIGO_MANZANA "Identificador Único Código Manzana" true true false 9 Text 0 0 ,First,#,R:\DATOS\0_URGENTE_TAREAS_VARIAS\MATRIZ_BDG\A_INFORMACION_HOMOLOGADA_CAMBIOS_ESTRUCTURA_NUEVA_BASE.gdb\Estratificacion\Manzana_estratificacion_F28032011,CODIGO_MANZANA,-1,-1;ESTRATO "Estrato" true true false 2 Short 0 5 ,First,#,R:\DATOS\0_URGENTE_TAREAS_VARIAS\MATRIZ_BDG\A_INFORMACION_HOMOLOGADA_CAMBIOS_ESTRUCTURA_NUEVA_BASE.gdb\Estratificacion\Manzana_estratificacion_F28032011,ESTRATO,-1,-1;CODIGO_ZONA_ESTRATO "Código Zona Estrato" true true false 4 Long 0 10 ,First,#;CODIGO_CRITERIO "Código Criterio" true true false 4 Text 0 0 ,First,#,R:\DATOS\0_URGENTE_TAREAS_VARIAS\MATRIZ_BDG\A_INFORMACION_HOMOLOGADA_CAMBIOS_ESTRUCTURA_NUEVA_BASE.gdb\Estratificacion\Manzana_estratificacion_F28032011,CODIGO_CRITERIO,-1,-1;NORMATIVA "Normativa" true true false 6 Text 0 0 ,First,#,R:\DATOS\0_URGENTE_TAREAS_VARIAS\MATRIZ_BDG\A_INFORMACION_HOMOLOGADA_CAMBIOS_ESTRUCTURA_NUEVA_BASE.gdb\Estratificacion\Manzana_estratificacion_F28032011,NORMATIVA,-1,-1;ACTO_ADMINISTRATIVO "Acto Administrativo" true true false 4 Text 0 0 ,First,#,R:\DATOS\0_URGENTE_TAREAS_VARIAS\MATRIZ_BDG\A_INFORMACION_HOMOLOGADA_CAMBIOS_ESTRUCTURA_NUEVA_BASE.gdb\Estratificacion\Manzana_estratificacion_F28032011,ACTO_ADMINISTRATIVO,-1,-1;NUMERO_ACTO_ADMINISTRATIVO "Número Acto Administrativo" true true false 4 Long 0 10 ,First,#,R:\DATOS\0_URGENTE_TAREAS_VARIAS\MATRIZ_BDG\A_INFORMACION_HOMOLOGADA_CAMBIOS_ESTRUCTURA_NUEVA_BASE.gdb\Estratificacion\Manzana_estratificacion_F28032011,NUMERO_ACTO_ADMINISTRATIVO,-1,-1;FECHA_ACTO_ADMINISTRATIVO "Fecha Acto Administrativo" true true false 36 Date 0 0 ,First,#,R:\DATOS\0_URGENTE_TAREAS_VARIAS\MATRIZ_BDG\A_INFORMACION_HOMOLOGADA_CAMBIOS_ESTRUCTURA_NUEVA_BASE.gdb\Estratificacion\Manzana_estratificacion_F28032011,FECHA_ACTO_ADMINISTRATIVO,-1,-1;ESCALA_CAPTURA "Escala Captura" true true false 10 Text 0 0 ,First,#,R:\DATOS\0_URGENTE_TAREAS_VARIAS\MATRIZ_BDG\A_INFORMACION_HOMOLOGADA_CAMBIOS_ESTRUCTURA_NUEVA_BASE.gdb\Estratificacion\Manzana_estratificacion_F28032011,ESCALA_CAPTURA,-1,-1;FECHA_CAPTURA "Fecha Captura" true true false 36 Date 0 0 ,First,#,R:\DATOS\0_URGENTE_TAREAS_VARIAS\MATRIZ_BDG\A_INFORMACION_HOMOLOGADA_CAMBIOS_ESTRUCTURA_NUEVA_BASE.gdb\Estratificacion\Manzana_estratificacion_F28032011,FECHA_CAPTURA,-1,-1;RESPONSABLE "Responsable" true true false 4 Text 0 0 ,First,#,R:\DATOS\0_URGENTE_TAREAS_VARIAS\MATRIZ_BDG\A_INFORMACION_HOMOLOGADA_CAMBIOS_ESTRUCTURA_NUEVA_BASE.gdb\Estratificacion\Manzana_estratificacion_F28032011,RESPONSABLE,-1,-1;SHAPE.AREA "SHAPE.AREA" false false true 0 Double 0 0 ,First,#;SHAPE.LEN "SHAPE.LEN" false false true 0 Double 0 0 ,First,#" #</Process><Process ToolSource="c:\program files (x86)\arcgis\desktop10.1\ArcToolbox\Toolboxes\Data Management Tools.tbx\DeleteFeatures" Date="20181102" Time="142946">DeleteFeatures "Database Connections\BDG-SDP.sde\ADMBDG.Estratificacion\ADMBDG.Manzana_estratificacion"</Process><Process ToolSource="c:\program files (x86)\arcgis\desktop10.1\ArcToolbox\Toolboxes\Data Management Tools.tbx\Append" Date="20181102" Time="143506">Append R:\DATOS\0_URGENTE_TAREAS_VARIAS\MATRIZ_BDG\A_INFORMACION_HOMOLOGADA_CAMBIOS_ESTRUCTURA_NUEVA_BASE.gdb\Estratificacion\Manzana_estratificacion_G26052011 "Database Connections\BDG-SDP.sde\ADMBDG.Estratificacion\ADMBDG.Manzana_estratificacion" NO_TEST "CODIGO_MANZANA "Identificador Único Código Manzana" true true false 9 Text 0 0 ,First,#,R:\DATOS\0_URGENTE_TAREAS_VARIAS\MATRIZ_BDG\A_INFORMACION_HOMOLOGADA_CAMBIOS_ESTRUCTURA_NUEVA_BASE.gdb\Estratificacion\Manzana_estratificacion_G26052011,CODIGO_MANZANA,-1,-1;ESTRATO "Estrato" true true false 2 Short 0 5 ,First,#,R:\DATOS\0_URGENTE_TAREAS_VARIAS\MATRIZ_BDG\A_INFORMACION_HOMOLOGADA_CAMBIOS_ESTRUCTURA_NUEVA_BASE.gdb\Estratificacion\Manzana_estratificacion_G26052011,ESTRATO,-1,-1;CODIGO_ZONA_ESTRATO "Código Zona Estrato" true true false 4 Long 0 10 ,First,#;CODIGO_CRITERIO "Código Criterio" true true false 4 Text 0 0 ,First,#,R:\DATOS\0_URGENTE_TAREAS_VARIAS\MATRIZ_BDG\A_INFORMACION_HOMOLOGADA_CAMBIOS_ESTRUCTURA_NUEVA_BASE.gdb\Estratificacion\Manzana_estratificacion_G26052011,CODIGO_CRITERIO,-1,-1;NORMATIVA "Normativa" true true false 6 Text 0 0 ,First,#,R:\DATOS\0_URGENTE_TAREAS_VARIAS\MATRIZ_BDG\A_INFORMACION_HOMOLOGADA_CAMBIOS_ESTRUCTURA_NUEVA_BASE.gdb\Estratificacion\Manzana_estratificacion_G26052011,NORMATIVA,-1,-1;ACTO_ADMINISTRATIVO "Acto Administrativo" true true false 4 Text 0 0 ,First,#,R:\DATOS\0_URGENTE_TAREAS_VARIAS\MATRIZ_BDG\A_INFORMACION_HOMOLOGADA_CAMBIOS_ESTRUCTURA_NUEVA_BASE.gdb\Estratificacion\Manzana_estratificacion_G26052011,ACTO_ADMINISTRATIVO,-1,-1;NUMERO_ACTO_ADMINISTRATIVO "Número Acto Administrativo" true true false 4 Long 0 10 ,First,#,R:\DATOS\0_URGENTE_TAREAS_VARIAS\MATRIZ_BDG\A_INFORMACION_HOMOLOGADA_CAMBIOS_ESTRUCTURA_NUEVA_BASE.gdb\Estratificacion\Manzana_estratificacion_G26052011,NUMERO_ACTO_ADMINISTRATIVO,-1,-1;FECHA_ACTO_ADMINISTRATIVO "Fecha Acto Administrativo" true true false 36 Date 0 0 ,First,#,R:\DATOS\0_URGENTE_TAREAS_VARIAS\MATRIZ_BDG\A_INFORMACION_HOMOLOGADA_CAMBIOS_ESTRUCTURA_NUEVA_BASE.gdb\Estratificacion\Manzana_estratificacion_G26052011,FECHA_ACTO_ADMINISTRATIVO,-1,-1;ESCALA_CAPTURA "Escala Captura" true true false 10 Text 0 0 ,First,#,R:\DATOS\0_URGENTE_TAREAS_VARIAS\MATRIZ_BDG\A_INFORMACION_HOMOLOGADA_CAMBIOS_ESTRUCTURA_NUEVA_BASE.gdb\Estratificacion\Manzana_estratificacion_G26052011,ESCALA_CAPTURA,-1,-1;FECHA_CAPTURA "Fecha Captura" true true false 36 Date 0 0 ,First,#,R:\DATOS\0_URGENTE_TAREAS_VARIAS\MATRIZ_BDG\A_INFORMACION_HOMOLOGADA_CAMBIOS_ESTRUCTURA_NUEVA_BASE.gdb\Estratificacion\Manzana_estratificacion_G26052011,FECHA_CAPTURA,-1,-1;RESPONSABLE "Responsable" true true false 4 Text 0 0 ,First,#,R:\DATOS\0_URGENTE_TAREAS_VARIAS\MATRIZ_BDG\A_INFORMACION_HOMOLOGADA_CAMBIOS_ESTRUCTURA_NUEVA_BASE.gdb\Estratificacion\Manzana_estratificacion_G26052011,RESPONSABLE,-1,-1;SHAPE.AREA "SHAPE.AREA" false false true 0 Double 0 0 ,First,#;SHAPE.LEN "SHAPE.LEN" false false true 0 Double 0 0 ,First,#" #</Process><Process ToolSource="c:\program files (x86)\arcgis\desktop10.1\ArcToolbox\Toolboxes\Data Management Tools.tbx\DeleteFeatures" Date="20181102" Time="150855">DeleteFeatures "Database Connections\BDG-SDP.sde\ADMBDG.Estratificacion\ADMBDG.Manzana_estratificacion"</Process><Process ToolSource="c:\program files (x86)\arcgis\desktop10.1\ArcToolbox\Toolboxes\Data Management Tools.tbx\Append" Date="20181102" Time="153324">Append R:\DATOS\0_URGENTE_TAREAS_VARIAS\MATRIZ_BDG\A_INFORMACION_HOMOLOGADA_CAMBIOS_ESTRUCTURA_NUEVA_BASE.gdb\Estratificacion\Manzana_estratificacion_H26062013 "Database Connections\BDG-SDP.sde\ADMBDG.Estratificacion\ADMBDG.Manzana_estratificacion" NO_TEST "CODIGO_MANZANA "Identificador Único Código Manzana" true true false 9 Text 0 0 ,First,#,R:\DATOS\0_URGENTE_TAREAS_VARIAS\MATRIZ_BDG\A_INFORMACION_HOMOLOGADA_CAMBIOS_ESTRUCTURA_NUEVA_BASE.gdb\Estratificacion\Manzana_estratificacion_H26062013,CODIGO_MANZANA,-1,-1;ESTRATO "Estrato" true true false 2 Short 0 5 ,First,#,R:\DATOS\0_URGENTE_TAREAS_VARIAS\MATRIZ_BDG\A_INFORMACION_HOMOLOGADA_CAMBIOS_ESTRUCTURA_NUEVA_BASE.gdb\Estratificacion\Manzana_estratificacion_H26062013,ESTRATO,-1,-1;CODIGO_ZONA_ESTRATO "Código Zona Estrato" true true false 4 Long 0 10 ,First,#;CODIGO_CRITERIO "Código Criterio" true true false 4 Text 0 0 ,First,#,R:\DATOS\0_URGENTE_TAREAS_VARIAS\MATRIZ_BDG\A_INFORMACION_HOMOLOGADA_CAMBIOS_ESTRUCTURA_NUEVA_BASE.gdb\Estratificacion\Manzana_estratificacion_H26062013,CODIGO_CRITERIO,-1,-1;NORMATIVA "Normativa" true true false 6 Text 0 0 ,First,#,R:\DATOS\0_URGENTE_TAREAS_VARIAS\MATRIZ_BDG\A_INFORMACION_HOMOLOGADA_CAMBIOS_ESTRUCTURA_NUEVA_BASE.gdb\Estratificacion\Manzana_estratificacion_H26062013,NORMATIVA,-1,-1;ACTO_ADMINISTRATIVO "Acto Administrativo" true true false 4 Text 0 0 ,First,#,R:\DATOS\0_URGENTE_TAREAS_VARIAS\MATRIZ_BDG\A_INFORMACION_HOMOLOGADA_CAMBIOS_ESTRUCTURA_NUEVA_BASE.gdb\Estratificacion\Manzana_estratificacion_H26062013,ACTO_ADMINISTRATIVO,-1,-1;NUMERO_ACTO_ADMINISTRATIVO "Número Acto Administrativo" true true false 4 Long 0 10 ,First,#,R:\DATOS\0_URGENTE_TAREAS_VARIAS\MATRIZ_BDG\A_INFORMACION_HOMOLOGADA_CAMBIOS_ESTRUCTURA_NUEVA_BASE.gdb\Estratificacion\Manzana_estratificacion_H26062013,NUMERO_ACTO_ADMINISTRATIVO,-1,-1;FECHA_ACTO_ADMINISTRATIVO "Fecha Acto Administrativo" true true false 36 Date 0 0 ,First,#,R:\DATOS\0_URGENTE_TAREAS_VARIAS\MATRIZ_BDG\A_INFORMACION_HOMOLOGADA_CAMBIOS_ESTRUCTURA_NUEVA_BASE.gdb\Estratificacion\Manzana_estratificacion_H26062013,FECHA_ACTO_ADMINISTRATIVO,-1,-1;ESCALA_CAPTURA "Escala Captura" true true false 10 Text 0 0 ,First,#,R:\DATOS\0_URGENTE_TAREAS_VARIAS\MATRIZ_BDG\A_INFORMACION_HOMOLOGADA_CAMBIOS_ESTRUCTURA_NUEVA_BASE.gdb\Estratificacion\Manzana_estratificacion_H26062013,ESCALA_CAPTURA,-1,-1;FECHA_CAPTURA "Fecha Captura" true true false 36 Date 0 0 ,First,#,R:\DATOS\0_URGENTE_TAREAS_VARIAS\MATRIZ_BDG\A_INFORMACION_HOMOLOGADA_CAMBIOS_ESTRUCTURA_NUEVA_BASE.gdb\Estratificacion\Manzana_estratificacion_H26062013,FECHA_CAPTURA,-1,-1;RESPONSABLE "Responsable" true true false 4 Text 0 0 ,First,#,R:\DATOS\0_URGENTE_TAREAS_VARIAS\MATRIZ_BDG\A_INFORMACION_HOMOLOGADA_CAMBIOS_ESTRUCTURA_NUEVA_BASE.gdb\Estratificacion\Manzana_estratificacion_H26062013,RESPONSABLE,-1,-1;SHAPE.AREA "SHAPE.AREA" false false true 0 Double 0 0 ,First,#;SHAPE.LEN "SHAPE.LEN" false false true 0 Double 0 0 ,First,#" #</Process><Process ToolSource="c:\program files (x86)\arcgis\desktop10.1\ArcToolbox\Toolboxes\Data Management Tools.tbx\DeleteFeatures" Date="20181102" Time="153825">DeleteFeatures "Database Connections\BDG-SDP.sde\ADMBDG.Estratificacion\ADMBDG.Manzana_estratificacion"</Process><Process ToolSource="c:\program files (x86)\arcgis\desktop10.1\ArcToolbox\Toolboxes\Data Management Tools.tbx\Append" Date="20181102" Time="154348">Append R:\DATOS\0_URGENTE_TAREAS_VARIAS\MATRIZ_BDG\A_INFORMACION_HOMOLOGADA_CAMBIOS_ESTRUCTURA_NUEVA_BASE.gdb\Estratificacion\Manzana_estratificacion_I28072017 "Database Connections\BDG-SDP.sde\ADMBDG.Estratificacion\ADMBDG.Manzana_estratificacion" NO_TEST "CODIGO_MANZANA "Identificador Único Código Manzana" true true false 9 Text 0 0 ,First,#,R:\DATOS\0_URGENTE_TAREAS_VARIAS\MATRIZ_BDG\A_INFORMACION_HOMOLOGADA_CAMBIOS_ESTRUCTURA_NUEVA_BASE.gdb\Estratificacion\Manzana_estratificacion_I28072017,CODIGO_MANZANA,-1,-1;ESTRATO "Estrato" true true false 2 Short 0 5 ,First,#,R:\DATOS\0_URGENTE_TAREAS_VARIAS\MATRIZ_BDG\A_INFORMACION_HOMOLOGADA_CAMBIOS_ESTRUCTURA_NUEVA_BASE.gdb\Estratificacion\Manzana_estratificacion_I28072017,ESTRATO,-1,-1;CODIGO_ZONA_ESTRATO "Código Zona Estrato" true true false 4 Long 0 10 ,First,#,R:\DATOS\0_URGENTE_TAREAS_VARIAS\MATRIZ_BDG\A_INFORMACION_HOMOLOGADA_CAMBIOS_ESTRUCTURA_NUEVA_BASE.gdb\Estratificacion\Manzana_estratificacion_I28072017,CODIGO_ZONA_ESTRATO,-1,-1;CODIGO_CRITERIO "Código Criterio" true true false 4 Text 0 0 ,First,#,R:\DATOS\0_URGENTE_TAREAS_VARIAS\MATRIZ_BDG\A_INFORMACION_HOMOLOGADA_CAMBIOS_ESTRUCTURA_NUEVA_BASE.gdb\Estratificacion\Manzana_estratificacion_I28072017,CODIGO_CRITERIO,-1,-1;NORMATIVA "Normativa" true true false 6 Text 0 0 ,First,#,R:\DATOS\0_URGENTE_TAREAS_VARIAS\MATRIZ_BDG\A_INFORMACION_HOMOLOGADA_CAMBIOS_ESTRUCTURA_NUEVA_BASE.gdb\Estratificacion\Manzana_estratificacion_I28072017,NORMATIVA,-1,-1;ACTO_ADMINISTRATIVO "Acto Administrativo" true true false 4 Text 0 0 ,First,#,R:\DATOS\0_URGENTE_TAREAS_VARIAS\MATRIZ_BDG\A_INFORMACION_HOMOLOGADA_CAMBIOS_ESTRUCTURA_NUEVA_BASE.gdb\Estratificacion\Manzana_estratificacion_I28072017,ACTO_ADMINISTRATIVO,-1,-1;NUMERO_ACTO_ADMINISTRATIVO "Número Acto Administrativo" true true false 4 Long 0 10 ,First,#,R:\DATOS\0_URGENTE_TAREAS_VARIAS\MATRIZ_BDG\A_INFORMACION_HOMOLOGADA_CAMBIOS_ESTRUCTURA_NUEVA_BASE.gdb\Estratificacion\Manzana_estratificacion_I28072017,NUMERO_ACTO_ADMINISTRATIVO,-1,-1;FECHA_ACTO_ADMINISTRATIVO "Fecha Acto Administrativo" true true false 36 Date 0 0 ,First,#,R:\DATOS\0_URGENTE_TAREAS_VARIAS\MATRIZ_BDG\A_INFORMACION_HOMOLOGADA_CAMBIOS_ESTRUCTURA_NUEVA_BASE.gdb\Estratificacion\Manzana_estratificacion_I28072017,FECHA_ACTO_ADMINISTRATIVO,-1,-1;ESCALA_CAPTURA "Escala Captura" true true false 10 Text 0 0 ,First,#,R:\DATOS\0_URGENTE_TAREAS_VARIAS\MATRIZ_BDG\A_INFORMACION_HOMOLOGADA_CAMBIOS_ESTRUCTURA_NUEVA_BASE.gdb\Estratificacion\Manzana_estratificacion_I28072017,ESCALA_CAPTURA,-1,-1;FECHA_CAPTURA "Fecha Captura" true true false 36 Date 0 0 ,First,#,R:\DATOS\0_URGENTE_TAREAS_VARIAS\MATRIZ_BDG\A_INFORMACION_HOMOLOGADA_CAMBIOS_ESTRUCTURA_NUEVA_BASE.gdb\Estratificacion\Manzana_estratificacion_I28072017,FECHA_CAPTURA,-1,-1;RESPONSABLE "Responsable" true true false 4 Text 0 0 ,First,#,R:\DATOS\0_URGENTE_TAREAS_VARIAS\MATRIZ_BDG\A_INFORMACION_HOMOLOGADA_CAMBIOS_ESTRUCTURA_NUEVA_BASE.gdb\Estratificacion\Manzana_estratificacion_I28072017,RESPONSABLE,-1,-1;SHAPE.AREA "SHAPE.AREA" false false true 0 Double 0 0 ,First,#;SHAPE.LEN "SHAPE.LEN" false false true 0 Double 0 0 ,First,#" #</Process><Process ToolSource="c:\program files (x86)\arcgis\desktop10.7\ArcToolbox\Toolboxes\Data Management Tools.tbx\DeleteFeatures" Date="20190926" Time="091015">DeleteFeatures "Database Connections\BDG-SDP.sde\ADMBDG.Estratificacion\ADMBDG.Manzana_estratificacion"</Process><Process ToolSource="c:\program files (x86)\arcgis\desktop10.8\ArcToolbox\Toolboxes\Data Management Tools.tbx\AlterField" Date="20230502" Time="204432">AlterField "Database Connections\03 PRODUCCION EDICION 11 - ADMBDG@GEODATAC.sde\ADMBDG.Manzana_estratificacion" FECHA_CAPTURA FECHA_CAPTURA "Fecha Actualización" DATE 8 NULLABLE false</Process><Process ToolSource="c:\program files\arcgis\pro\Resources\ArcToolbox\toolboxes\Data Management Tools.tbx\Append" Date="20251120" Time="090657">Append D:\DATOS\4_TEMPO_TAREAS\5_MANTENIMIENTO_BDG\PROYECTO_FASE_2025\ESTRUCTURADO\DireccionEstratificacion\3-2025-36025\Estratificacion\Estratificacion.gdb\Estratificacion\Manzana_estratificacion "C:\Users\aramirez\AppData\Roaming\Esri\ArcGISPro\Favorites\BDG_SDP(aramirez) (1).sde\ADMBDG.Estratificacion\ADMBDG.Manzana_estratificacion" "Use the field map to reconcile field differences" "CODIGO_MANZANA "Identificador Único Código Manzana" true true false 9 Text 0 0,First,#,D:\DATOS\4_TEMPO_TAREAS\5_MANTENIMIENTO_BDG\PROYECTO_FASE_2025\ESTRUCTURADO\DireccionEstratificacion\3-2025-36025\Estratificacion\Estratificacion.gdb\Estratificacion\Manzana_estratificacion,CODIGO_MANZANA,0,8;ESTRATO "Estrato" true true false 2 Short 0 5,First,#,D:\DATOS\4_TEMPO_TAREAS\5_MANTENIMIENTO_BDG\PROYECTO_FASE_2025\ESTRUCTURADO\DireccionEstratificacion\3-2025-36025\Estratificacion\Estratificacion.gdb\Estratificacion\Manzana_estratificacion,ESTRATO,-1,-1;CODIGO_ZONA_ESTRATO "Código Zona Estrato" true true false 4 Long 0 10,First,#,D:\DATOS\4_TEMPO_TAREAS\5_MANTENIMIENTO_BDG\PROYECTO_FASE_2025\ESTRUCTURADO\DireccionEstratificacion\3-2025-36025\Estratificacion\Estratificacion.gdb\Estratificacion\Manzana_estratificacion,CODIGO_ZONA_ESTRATO,-1,-1;CODIGO_CRITERIO "Código Criterio" true true false 4 Text 0 0,First,#,D:\DATOS\4_TEMPO_TAREAS\5_MANTENIMIENTO_BDG\PROYECTO_FASE_2025\ESTRUCTURADO\DireccionEstratificacion\3-2025-36025\Estratificacion\Estratificacion.gdb\Estratificacion\Manzana_estratificacion,CODIGO_CRITERIO,0,3;NORMATIVA "Normativa" true true false 6 Text 0 0,First,#,D:\DATOS\4_TEMPO_TAREAS\5_MANTENIMIENTO_BDG\PROYECTO_FASE_2025\ESTRUCTURADO\DireccionEstratificacion\3-2025-36025\Estratificacion\Estratificacion.gdb\Estratificacion\Manzana_estratificacion,NORMATIVA,0,5;ACTO_ADMINISTRATIVO "Acto Administrativo" true true false 4 Text 0 0,First,#,D:\DATOS\4_TEMPO_TAREAS\5_MANTENIMIENTO_BDG\PROYECTO_FASE_2025\ESTRUCTURADO\DireccionEstratificacion\3-2025-36025\Estratificacion\Estratificacion.gdb\Estratificacion\Manzana_estratificacion,ACTO_ADMINISTRATIVO,0,3;NUMERO_ACTO_ADMINISTRATIVO "Número Acto Administrativo" true true false 4 Long 0 10,First,#,D:\DATOS\4_TEMPO_TAREAS\5_MANTENIMIENTO_BDG\PROYECTO_FASE_2025\ESTRUCTURADO\DireccionEstratificacion\3-2025-36025\Estratificacion\Estratificacion.gdb\Estratificacion\Manzana_estratificacion,NUMERO_ACTO_ADMINISTRATIVO,-1,-1;FECHA_ACTO_ADMINISTRATIVO "Fecha Acto Administrativo" true true false 8 Date 0 0,First,#,D:\DATOS\4_TEMPO_TAREAS\5_MANTENIMIENTO_BDG\PROYECTO_FASE_2025\ESTRUCTURADO\DireccionEstratificacion\3-2025-36025\Estratificacion\Estratificacion.gdb\Estratificacion\Manzana_estratificacion,FECHA_ACTO_ADMINISTRATIVO,-1,-1;ESCALA_CAPTURA "Escala Captura" true true false 10 Text 0 0,First,#,D:\DATOS\4_TEMPO_TAREAS\5_MANTENIMIENTO_BDG\PROYECTO_FASE_2025\ESTRUCTURADO\DireccionEstratificacion\3-2025-36025\Estratificacion\Estratificacion.gdb\Estratificacion\Manzana_estratificacion,ESCALA_CAPTURA,0,9;FECHA_CAPTURA "Fecha Actualización" true true false 8 Date 0 0,First,#,D:\DATOS\4_TEMPO_TAREAS\5_MANTENIMIENTO_BDG\PROYECTO_FASE_2025\ESTRUCTURADO\DireccionEstratificacion\3-2025-36025\Estratificacion\Estratificacion.gdb\Estratificacion\Manzana_estratificacion,FECHA_CAPTURA,-1,-1;RESPONSABLE "Responsable" true true false 4 Text 0 0,First,#,D:\DATOS\4_TEMPO_TAREAS\5_MANTENIMIENTO_BDG\PROYECTO_FASE_2025\ESTRUCTURADO\DireccionEstratificacion\3-2025-36025\Estratificacion\Estratificacion.gdb\Estratificacion\Manzana_estratificacion,RESPONSABLE,0,3" # # # NOT_UPDATE_GEOMETRY</Process><Process ToolSource="c:\program files\arcgis\pro\Resources\ArcToolbox\toolboxes\Conversion Tools.tbx\ExportFeatures" Date="20251120" Time="092233">ExportFeatures "C:\Users\aramirez\AppData\Roaming\Esri\ArcGISPro\Favorites\BDG_SDP(aramirez) (1).sde\ADMBDG.Estratificacion\ADMBDG.Manzana_estratificacion" D:\DATOS\4_TEMPO_TAREAS\IDECA\ENTREGAS_INFO_PARA_IDECA\2023_04_14_BASE_PARA_DATOS_ABIERTOS\SDP_DATOS_ABIERTOS\Tempo.gdb\Manzana_estratificacion # NOT_USE_ALIAS "CODIGO_MANZANA "Identificador Único Código Manzana" true true false 9 Text 0 0,First,#,C:\Users\aramirez\AppData\Roaming\Esri\ArcGISPro\Favorites\BDG_SDP(aramirez) (1).sde\ADMBDG.Estratificacion\ADMBDG.Manzana_estratificacion,CODIGO_MANZANA,0,8;ESTRATO "Estrato" true true false 2 Short 0 5,First,#,C:\Users\aramirez\AppData\Roaming\Esri\ArcGISPro\Favorites\BDG_SDP(aramirez) (1).sde\ADMBDG.Estratificacion\ADMBDG.Manzana_estratificacion,ESTRATO,-1,-1;CODIGO_ZONA_ESTRATO "Código Zona Estrato" true true false 4 Long 0 10,First,#,C:\Users\aramirez\AppData\Roaming\Esri\ArcGISPro\Favorites\BDG_SDP(aramirez) (1).sde\ADMBDG.Estratificacion\ADMBDG.Manzana_estratificacion,CODIGO_ZONA_ESTRATO,-1,-1;CODIGO_CRITERIO "Código Criterio" true true false 4 Text 0 0,First,#,C:\Users\aramirez\AppData\Roaming\Esri\ArcGISPro\Favorites\BDG_SDP(aramirez) (1).sde\ADMBDG.Estratificacion\ADMBDG.Manzana_estratificacion,CODIGO_CRITERIO,0,3;NORMATIVA "Normativa" true true false 6 Text 0 0,First,#,C:\Users\aramirez\AppData\Roaming\Esri\ArcGISPro\Favorites\BDG_SDP(aramirez) (1).sde\ADMBDG.Estratificacion\ADMBDG.Manzana_estratificacion,NORMATIVA,0,5;ACTO_ADMINISTRATIVO "Acto Administrativo" true true false 4 Text 0 0,First,#,C:\Users\aramirez\AppData\Roaming\Esri\ArcGISPro\Favorites\BDG_SDP(aramirez) (1).sde\ADMBDG.Estratificacion\ADMBDG.Manzana_estratificacion,ACTO_ADMINISTRATIVO,0,3;NUMERO_ACTO_ADMINISTRATIVO "Número Acto Administrativo" true true false 4 Long 0 10,First,#,C:\Users\aramirez\AppData\Roaming\Esri\ArcGISPro\Favorites\BDG_SDP(aramirez) (1).sde\ADMBDG.Estratificacion\ADMBDG.Manzana_estratificacion,NUMERO_ACTO_ADMINISTRATIVO,-1,-1;FECHA_ACTO_ADMINISTRATIVO "Fecha Acto Administrativo" true true false 8 Date 0 0,First,#,C:\Users\aramirez\AppData\Roaming\Esri\ArcGISPro\Favorites\BDG_SDP(aramirez) (1).sde\ADMBDG.Estratificacion\ADMBDG.Manzana_estratificacion,FECHA_ACTO_ADMINISTRATIVO,-1,-1;ESCALA_CAPTURA "Escala Captura" true true false 10 Text 0 0,First,#,C:\Users\aramirez\AppData\Roaming\Esri\ArcGISPro\Favorites\BDG_SDP(aramirez) (1).sde\ADMBDG.Estratificacion\ADMBDG.Manzana_estratificacion,ESCALA_CAPTURA,0,9;FECHA_CAPTURA "Fecha Actualización" true true false 8 Date 0 0,First,#,C:\Users\aramirez\AppData\Roaming\Esri\ArcGISPro\Favorites\BDG_SDP(aramirez) (1).sde\ADMBDG.Estratificacion\ADMBDG.Manzana_estratificacion,FECHA_CAPTURA,-1,-1;RESPONSABLE "Responsable" true true false 4 Text 0 0,First,#,C:\Users\aramirez\AppData\Roaming\Esri\ArcGISPro\Favorites\BDG_SDP(aramirez) (1).sde\ADMBDG.Estratificacion\ADMBDG.Manzana_estratificacion,RESPONSABLE,0,3" #</Process><Process ToolSource="c:\program files\arcgis\pro\Resources\ArcToolbox\toolboxes\Data Management Tools.tbx\Rename" Date="20251120" Time="092855">Rename D:\DATOS\4_TEMPO_TAREAS\IDECA\ENTREGAS_INFO_PARA_IDECA\2023_04_14_BASE_PARA_DATOS_ABIERTOS\SDP_DATOS_ABIERTOS\Tempo.gdb\Manzana_estratificacion D:\DATOS\4_TEMPO_TAREAS\IDECA\ENTREGAS_INFO_PARA_IDECA\2023_04_14_BASE_PARA_DATOS_ABIERTOS\SDP_DATOS_ABIERTOS\Tempo.gdb\ManzanaEstratificacion FeatureClass</Process><Process ToolSource="c:\program files\arcgis\pro\Resources\ArcToolbox\toolboxes\Conversion Tools.tbx\ExportFeatures" Date="20251120" Time="093028">ExportFeatures D:\DATOS\4_TEMPO_TAREAS\IDECA\ENTREGAS_INFO_PARA_IDECA\2023_04_14_BASE_PARA_DATOS_ABIERTOS\SDP_DATOS_ABIERTOS\Tempo.gdb\ManzanaEstratificacion "D:\DATOS\4_TEMPO_TAREAS\IDECA\ENTREGAS_INFO_PARA_IDECA\2023_04_14_BASE_PARA_DATOS_ABIERTOS\SDP_DATOS_ABIERTOS\FormatoSHP (1)\ManzanaEstratificacion.shp" # NOT_USE_ALIAS "CODIGO_MANZANA "Identificador Único Código Manzana" true true false 9 Text 0 0,First,#,D:\DATOS\4_TEMPO_TAREAS\IDECA\ENTREGAS_INFO_PARA_IDECA\2023_04_14_BASE_PARA_DATOS_ABIERTOS\SDP_DATOS_ABIERTOS\Tempo.gdb\ManzanaEstratificacion,CODIGO_MANZANA,0,8;ESTRATO "Estrato" true true false 2 Short 0 0,First,#,D:\DATOS\4_TEMPO_TAREAS\IDECA\ENTREGAS_INFO_PARA_IDECA\2023_04_14_BASE_PARA_DATOS_ABIERTOS\SDP_DATOS_ABIERTOS\Tempo.gdb\ManzanaEstratificacion,ESTRATO,-1,-1;CODIGO_ZONA_ESTRATO "Código Zona Estrato" true true false 4 Long 0 0,First,#,D:\DATOS\4_TEMPO_TAREAS\IDECA\ENTREGAS_INFO_PARA_IDECA\2023_04_14_BASE_PARA_DATOS_ABIERTOS\SDP_DATOS_ABIERTOS\Tempo.gdb\ManzanaEstratificacion,CODIGO_ZONA_ESTRATO,-1,-1;CODIGO_CRITERIO "Código Criterio" true true false 4 Text 0 0,First,#,D:\DATOS\4_TEMPO_TAREAS\IDECA\ENTREGAS_INFO_PARA_IDECA\2023_04_14_BASE_PARA_DATOS_ABIERTOS\SDP_DATOS_ABIERTOS\Tempo.gdb\ManzanaEstratificacion,CODIGO_CRITERIO,0,3;NORMATIVA "Normativa" true true false 6 Text 0 0,First,#,D:\DATOS\4_TEMPO_TAREAS\IDECA\ENTREGAS_INFO_PARA_IDECA\2023_04_14_BASE_PARA_DATOS_ABIERTOS\SDP_DATOS_ABIERTOS\Tempo.gdb\ManzanaEstratificacion,NORMATIVA,0,5;ACTO_ADMINISTRATIVO "Acto Administrativo" true true false 4 Text 0 0,First,#,D:\DATOS\4_TEMPO_TAREAS\IDECA\ENTREGAS_INFO_PARA_IDECA\2023_04_14_BASE_PARA_DATOS_ABIERTOS\SDP_DATOS_ABIERTOS\Tempo.gdb\ManzanaEstratificacion,ACTO_ADMINISTRATIVO,0,3;NUMERO_ACTO_ADMINISTRATIVO "Número Acto Administrativo" true true false 4 Long 0 0,First,#,D:\DATOS\4_TEMPO_TAREAS\IDECA\ENTREGAS_INFO_PARA_IDECA\2023_04_14_BASE_PARA_DATOS_ABIERTOS\SDP_DATOS_ABIERTOS\Tempo.gdb\ManzanaEstratificacion,NUMERO_ACTO_ADMINISTRATIVO,-1,-1;FECHA_ACTO_ADMINISTRATIVO "Fecha Acto Administrativo" true true false 8 Date 0 0,First,#,D:\DATOS\4_TEMPO_TAREAS\IDECA\ENTREGAS_INFO_PARA_IDECA\2023_04_14_BASE_PARA_DATOS_ABIERTOS\SDP_DATOS_ABIERTOS\Tempo.gdb\ManzanaEstratificacion,FECHA_ACTO_ADMINISTRATIVO,-1,-1;ESCALA_CAPTURA "Escala Captura" true true false 10 Text 0 0,First,#,D:\DATOS\4_TEMPO_TAREAS\IDECA\ENTREGAS_INFO_PARA_IDECA\2023_04_14_BASE_PARA_DATOS_ABIERTOS\SDP_DATOS_ABIERTOS\Tempo.gdb\ManzanaEstratificacion,ESCALA_CAPTURA,0,9;FECHA_CAPTURA "Fecha Actualización" true true false 8 Date 0 0,First,#,D:\DATOS\4_TEMPO_TAREAS\IDECA\ENTREGAS_INFO_PARA_IDECA\2023_04_14_BASE_PARA_DATOS_ABIERTOS\SDP_DATOS_ABIERTOS\Tempo.gdb\ManzanaEstratificacion,FECHA_CAPTURA,-1,-1;RESPONSABLE "Responsable" true true false 4 Text 0 0,First,#,D:\DATOS\4_TEMPO_TAREAS\IDECA\ENTREGAS_INFO_PARA_IDECA\2023_04_14_BASE_PARA_DATOS_ABIERTOS\SDP_DATOS_ABIERTOS\Tempo.gdb\ManzanaEstratificacion,RESPONSABLE,0,3;Shape_Length "Shape_Length" false true true 8 Double 0 0,First,#,D:\DATOS\4_TEMPO_TAREAS\IDECA\ENTREGAS_INFO_PARA_IDECA\2023_04_14_BASE_PARA_DATOS_ABIERTOS\SDP_DATOS_ABIERTOS\Tempo.gdb\ManzanaEstratificacion,Shape_Length,-1,-1;Shape_Area "Shape_Area" false true true 8 Double 0 0,First,#,D:\DATOS\4_TEMPO_TAREAS\IDECA\ENTREGAS_INFO_PARA_IDECA\2023_04_14_BASE_PARA_DATOS_ABIERTOS\SDP_DATOS_ABIERTOS\Tempo.gdb\ManzanaEstratificacion,Shape_Area,-1,-1" #</Process></lineage><itemProps><itemLocation><linkage Sync="TRUE">file://\\2041SDP03\D$\DATOS\4_TEMPO_TAREAS\IDECA\ENTREGAS_INFO_PARA_IDECA\2023_04_14_BASE_PARA_DATOS_ABIERTOS\SDP_DATOS_ABIERTOS\FormatoSHP (1)\ManzanaEstratificacion.shp</linkage><protocol Sync="TRUE">Local Area Network</protocol></itemLocation><itemName Sync="TRUE">ManzanaEstratificacion</itemName><imsContentType Sync="TRUE">002</imsContentType><itemSize Sync="TRUE">0.000</itemSize></itemProps><coordRef><type Sync="TRUE">Projected</type><geogcsn Sync="TRUE">GCS_CarMAGBOG</geogcsn><csUnits Sync="TRUE">Linear Unit: Meter (1.000000)</csUnits><projcsn Sync="TRUE">PCS_CarMAGBOG</projcsn><peXml Sync="TRUE">&lt;ProjectedCoordinateSystem xsi:type='typens:ProjectedCoordinateSystem' xmlns:xsi='http://www.w3.org/2001/XMLSchema-instance' xmlns:xs='http://www.w3.org/2001/XMLSchema' xmlns:typens='http://www.esri.com/schemas/ArcGIS/3.3.0'&gt;&lt;WKT&gt;PROJCS[&amp;quot;PCS_CarMAGBOG&amp;quot;,GEOGCS[&amp;quot;GCS_CarMAGBOG&amp;quot;,DATUM[&amp;quot;CGS_CarMAGBOG&amp;quot;,SPHEROID[&amp;quot;GRS80 Mod&amp;quot;,6380687.0,298.257222101]],PRIMEM[&amp;quot;Greenwich&amp;quot;,0.0],UNIT[&amp;quot;Degree&amp;quot;,0.0174532925199433]],PROJECTION[&amp;quot;Transverse_Mercator&amp;quot;],PARAMETER[&amp;quot;False_Easting&amp;quot;,92334.879],PARAMETER[&amp;quot;False_Northing&amp;quot;,109320.965],PARAMETER[&amp;quot;Central_Meridian&amp;quot;,-74.14659167],PARAMETER[&amp;quot;Scale_Factor&amp;quot;,1.0],PARAMETER[&amp;quot;Latitude_Of_Origin&amp;quot;,4.680486111],UNIT[&amp;quot;Meter&amp;quot;,1.0]]&lt;/WKT&gt;&lt;XOrigin&gt;-5533100&lt;/XOrigin&gt;&lt;YOrigin&gt;-10414600&lt;/YOrigin&gt;&lt;XYScale&gt;450083161.59267002&lt;/XYScale&gt;&lt;ZOrigin&gt;-100000&lt;/ZOrigin&gt;&lt;ZScale&gt;10000&lt;/ZScale&gt;&lt;MOrigin&gt;-100000&lt;/MOrigin&gt;&lt;MScale&gt;10000&lt;/MScale&gt;&lt;XYTolerance&gt;0.001&lt;/XYTolerance&gt;&lt;ZTolerance&gt;0.001&lt;/ZTolerance&gt;&lt;MTolerance&gt;0.001&lt;/MTolerance&gt;&lt;HighPrecision&gt;true&lt;/HighPrecision&gt;&lt;/ProjectedCoordinateSystem&gt;</peXml></coordRef></DataProperties><SyncDate>20251120</SyncDate><SyncTime>09302300</SyncTime><ModDate>20251120</ModDate><ModTime>09302300</ModTime></Esri><dataIdInfo><envirDesc Sync="TRUE">Microsoft Windows 10 Version 10.0 (Build 26100) ; Esri ArcGIS 13.3.0.52636</envirDesc><dataLang><languageCode value="spa" Sync="TRUE"></languageCode><countryCode value="COL" Sync="TRUE"></countryCode></dataLang><idCitation><resTitle Sync="TRUE">ManzanaEstratificacion</resTitle><presForm><PresFormCd value="005" Sync="TRUE"></PresFormCd></presForm></idCitation><spatRpType><SpatRepTypCd value="001" Sync="TRUE"></SpatRepTypCd></spatRpType></dataIdInfo><mdLang><languageCode value="spa" Sync="TRUE"></languageCode><countryCode value="COL" Sync="TRUE"></countryCode></mdLang><distInfo><distFormat><formatName Sync="TRUE">Shapefile</formatName></distFormat><distTranOps><transSize Sync="TRUE">0.000</transSize></distTranOps></distInfo><mdHrLv><ScopeCd value="005" Sync="TRUE"></ScopeCd></mdHrLv><mdHrLvName Sync="TRUE">dataset</mdHrLvName><refSysInfo><RefSystem><refSysID><identCode code="0" Sync="TRUE"></identCode></refSysID></RefSystem></refSysInfo><spatRepInfo><VectSpatRep><geometObjs Name="ManzanaEstratificacion"><geoObjTyp><GeoObjTypCd value="002" Sync="TRUE"></GeoObjTypCd></geoObjTyp><geoObjCnt Sync="TRUE">0</geoObjCnt></geometObjs><topLvl><TopoLevCd value="001" Sync="TRUE"></TopoLevCd></topLvl></VectSpatRep></spatRepInfo><spdoinfo><ptvctinf><esriterm Name="ManzanaEstratificacion"><efeatyp Sync="TRUE">Simple</efeatyp><efeageom code="4" Sync="TRUE"></efeageom><esritopo Sync="TRUE">FALSE</esritopo><efeacnt Sync="TRUE">0</efeacnt><spindex Sync="TRUE">FALSE</spindex><linrefer Sync="TRUE">FALSE</linrefer></esriterm></ptvctinf></spdoinfo><eainfo><detailed Name="ManzanaEstratificacion"><enttyp><enttypl Sync="TRUE">ManzanaEstratificacion</enttypl><enttypt Sync="TRUE">Feature Class</enttypt><enttypc Sync="TRUE">0</enttypc></enttyp><attr><attrlabl Sync="TRUE">FID</attrlabl><attalias Sync="TRUE">FID</attalias><attrtype Sync="TRUE">OID</attrtype><attwidth Sync="TRUE">4</attwidth><atprecis Sync="TRUE">0</atprecis><attscale Sync="TRUE">0</attscale><attrdef Sync="TRUE">Internal feature number.</attrdef><attrdefs Sync="TRUE">Esri</attrdefs><attrdomv><udom Sync="TRUE">Sequential unique whole numbers that are automatically generated.</udom></attrdomv></attr><attr><attrlabl Sync="TRUE">Shape</attrlabl><attalias Sync="TRUE">Shape</attalias><attrtype Sync="TRUE">Geometry</attrtype><attwidth Sync="TRUE">0</attwidth><atprecis Sync="TRUE">0</atprecis><attscale Sync="TRUE">0</attscale><attrdef Sync="TRUE">Feature geometry.</attrdef><attrdefs Sync="TRUE">Esri</attrdefs><attrdomv><udom Sync="TRUE">Coordinates defining the features.</udom></attrdomv></attr><attr><attrlabl Sync="TRUE">CODIGO_MAN</attrlabl><attalias Sync="TRUE">CODIGO_MAN</attalias><attrtype Sync="TRUE">String</attrtype><attwidth Sync="TRUE">9</attwidth><atprecis Sync="TRUE">0</atprecis><attscale Sync="TRUE">0</attscale></attr><attr><attrlabl Sync="TRUE">ESTRATO</attrlabl><attalias Sync="TRUE">ESTRATO</attalias><attrtype Sync="TRUE">Integer</attrtype><attwidth Sync="TRUE">5</attwidth><atprecis Sync="TRUE">5</atprecis><attscale Sync="TRUE">0</attscale></attr><attr><attrlabl Sync="TRUE">CODIGO_ZON</attrlabl><attalias Sync="TRUE">CODIGO_ZON</attalias><attrtype Sync="TRUE">Integer</attrtype><attwidth Sync="TRUE">10</attwidth><atprecis Sync="TRUE">10</atprecis><attscale Sync="TRUE">0</attscale></attr><attr><attrlabl Sync="TRUE">CODIGO_CRI</attrlabl><attalias Sync="TRUE">CODIGO_CRI</attalias><attrtype Sync="TRUE">String</attrtype><attwidth Sync="TRUE">4</attwidth><atprecis Sync="TRUE">0</atprecis><attscale Sync="TRUE">0</attscale></attr><attr><attrlabl Sync="TRUE">NORMATIVA</attrlabl><attalias Sync="TRUE">NORMATIVA</attalias><attrtype Sync="TRUE">String</attrtype><attwidth Sync="TRUE">6</attwidth><atprecis Sync="TRUE">0</atprecis><attscale Sync="TRUE">0</attscale></attr><attr><attrlabl Sync="TRUE">ACTO_ADMIN</attrlabl><attalias Sync="TRUE">ACTO_ADMIN</attalias><attrtype Sync="TRUE">String</attrtype><attwidth Sync="TRUE">4</attwidth><atprecis Sync="TRUE">0</atprecis><attscale Sync="TRUE">0</attscale></attr><attr><attrlabl Sync="TRUE">NUMERO_ACT</attrlabl><attalias Sync="TRUE">NUMERO_ACT</attalias><attrtype Sync="TRUE">Integer</attrtype><attwidth Sync="TRUE">10</attwidth><atprecis Sync="TRUE">10</atprecis><attscale Sync="TRUE">0</attscale></attr><attr><attrlabl Sync="TRUE">FECHA_ACTO</attrlabl><attalias Sync="TRUE">FECHA_ACTO</attalias><attrtype Sync="TRUE">Date</attrtype><attwidth Sync="TRUE">8</attwidth><atprecis Sync="TRUE">0</atprecis><attscale Sync="TRUE">0</attscale></attr><attr><attrlabl Sync="TRUE">ESCALA_CAP</attrlabl><attalias Sync="TRUE">ESCALA_CAP</attalias><attrtype Sync="TRUE">String</attrtype><attwidth Sync="TRUE">10</attwidth><atprecis Sync="TRUE">0</atprecis><attscale Sync="TRUE">0</attscale></attr><attr><attrlabl Sync="TRUE">FECHA_CAPT</attrlabl><attalias Sync="TRUE">FECHA_CAPT</attalias><attrtype Sync="TRUE">Date</attrtype><attwidth Sync="TRUE">8</attwidth><atprecis Sync="TRUE">0</atprecis><attscale Sync="TRUE">0</attscale></attr><attr><attrlabl Sync="TRUE">RESPONSABL</attrlabl><attalias Sync="TRUE">RESPONSABL</attalias><attrtype Sync="TRUE">String</attrtype><attwidth Sync="TRUE">4</attwidth><atprecis Sync="TRUE">0</atprecis><attscale Sync="TRUE">0</attscale></attr><attr><attrlabl Sync="TRUE">Shape_Leng</attrlabl><attalias Sync="TRUE">Shape_Leng</attalias><attrtype Sync="TRUE">Double</attrtype><attwidth Sync="TRUE">19</attwidth><atprecis Sync="TRUE">0</atprecis><attscale Sync="TRUE">0</attscale></attr><attr><attrlabl Sync="TRUE">Shape_Area</attrlabl><attalias Sync="TRUE">Shape_Area</attalias><attrtype Sync="TRUE">Double</attrtype><attwidth Sync="TRUE">19</attwidth><atprecis Sync="TRUE">0</atprecis><attscale Sync="TRUE">0</attscale><attrdef Sync="TRUE">Area of feature in internal units squared.</attrdef><attrdefs Sync="TRUE">Esri</attrdefs><attrdomv><udom Sync="TRUE">Positive real numbers that are automatically generated.</udom></attrdomv></attr></detailed></eainfo><mdDateSt Sync="TRUE">20251120</mdDateSt></metadata>
