<metadata xml:lang="es"><Esri><CreaDate>20240316</CreaDate><CreaTime>15135300</CreaTime><ArcGISFormat>1.0</ArcGISFormat><SyncOnce>FALSE</SyncOnce><DataProperties><lineage><Process ToolSource="c:\program files (x86)\arcgis\desktop10.8\ArcToolbox\Toolboxes\Data Management Tools.tbx\DeleteFeatures" Date="20220718" Time="140634">DeleteFeatures "Conexiones de base de datos\BDG-SDP.sde\ADMBDG.Sistema_Distrital_Parques\ADMBDG.Parque"</Process><Process ToolSource="c:\program files (x86)\arcgis\desktop10.8\ArcToolbox\Toolboxes\Data Management Tools.tbx\DeleteFeatures" Date="20220718" Time="143236">DeleteFeatures "Conexiones de base de datos\BDG-SDP.sde\ADMBDG.Sistema_Distrital_Parques\ADMBDG.Parque"</Process><Process ToolSource="c:\program files (x86)\arcgis\desktop10.8\ArcToolbox\Toolboxes\Data Management Tools.tbx\DeleteFeatures" Date="20221111" Time="082713">DeleteFeatures "Conexiones de base de datos\BDG-SDP.sde\ADMBDG.Sistema_Distrital_Parques\ADMBDG.Parque"</Process><Process ToolSource="c:\program files (x86)\arcgis\desktop10.8\ArcToolbox\Toolboxes\Data Management Tools.tbx\CalculateField" Date="20230130" Time="072839">CalculateField Parque REGLAID 1 VB #</Process><Process ToolSource="c:\program files (x86)\arcgis\desktop10.8\ArcToolbox\Toolboxes\Data Management Tools.tbx\AlterField" Date="20230502" Time="211418">AlterField "Database Connections\03 PRODUCCION EDICION 11 - ADMBDG@GEODATAC.sde\ADMBDG.Parque" FECHA_CAPTURA FECHA_CAPTURA "Fecha Actualización" DATE 8 NULLABLE false</Process><Process ToolSource="c:\program files (x86)\arcgis\desktop10.8\ArcToolbox\Toolboxes\Data Management Tools.tbx\DeleteFeatures" Date="20230602" Time="153822">DeleteFeatures Parque</Process><Process ToolSource="c:\program files\arcgis\pro\Resources\ArcToolbox\toolboxes\Data Management Tools.tbx\DeleteFeatures" Date="20230602" Time="154616">DeleteFeatures Parque</Process><Process ToolSource="c:\program files\arcgis\pro\Resources\ArcToolbox\toolboxes\Data Management Tools.tbx\Append" Date="20230605" Time="065815">Append R:\DATOS\1_PASO_A_PRODUCCION\5_Parques.gdb\Sistema_Distrital_Parques\Parque_20230517 C:\Users\aramirez.DAPD\AppData\Roaming\Esri\ArcGISPro\Favorites\sde.sde\ADMBDG.Sistema_Distrital_Parques\ADMBDG.Parque "El esquema de entrada debe coincidir con el esquema de destino" # # #</Process><Process ToolSource="c:\program files\arcgis\pro\Resources\ArcToolbox\toolboxes\Data Management Tools.tbx\DeleteFeatures" Date="20230605" Time="070434">DeleteFeatures C:\Users\aramirez.DAPD\AppData\Roaming\Esri\ArcGISPro\Favorites\sde.sde\ADMBDG.Sistema_Distrital_Parques\ADMBDG.Parque</Process><Process ToolSource="c:\program files\arcgis\pro\Resources\ArcToolbox\toolboxes\Data Management Tools.tbx\Append" Date="20230605" Time="070941">Append R:\DATOS\1_PASO_A_PRODUCCION\5_Parques.gdb\Sistema_Distrital_Parques\Parque_20230529 C:\Users\aramirez.DAPD\AppData\Roaming\Esri\ArcGISPro\Favorites\sde.sde\ADMBDG.Sistema_Distrital_Parques\ADMBDG.Parque "El esquema de entrada debe coincidir con el esquema de destino" # # #</Process><Process ToolSource="c:\program files (x86)\arcgis\desktop10.8\ArcToolbox\Toolboxes\Data Management Tools.tbx\DeleteFeatures" Date="20230622" Time="110556">DeleteFeatures Parque</Process><Process ToolSource="c:\program files\arcgis\pro\Resources\ArcToolbox\toolboxes\Data Management Tools.tbx\Append" Date="20230622" Time="111039">Append R:\DATOS\1_PASO_A_PRODUCCION\8_PARQUES.gdb\Sistema_Distrital_Parques\Parque_20230531 C:\Users\aramirez.DAPD\AppData\Roaming\Esri\ArcGISPro\Favorites\sde.sde\ADMBDG.Sistema_Distrital_Parques\ADMBDG.Parque "El esquema de entrada debe coincidir con el esquema de destino" # # #</Process><Process ToolSource="c:\program files\arcgis\pro\Resources\ArcToolbox\toolboxes\Data Management Tools.tbx\Append" Date="20230914" Time="083538">Append R:\DATOS\1_PASO_A_PRODUCCION\9e_parques_junio.gdb\Sistema_Distrital_Parques\Parque_20230719 "C:\Users\aramirez\AppData\Roaming\Esri\ArcGISPro\Favorites\sde (1).sde\ADMBDG.Sistema_Distrital_Parques\ADMBDG.Parque" "Use the field map to reconcile field differences" "CODIGO_ID "Identificador Único" true true false 20 Text 0 0,First,#,R:\DATOS\1_PASO_A_PRODUCCION\9e_parques_junio.gdb\Sistema_Distrital_Parques\Parque_20230719,CODIGO_ID,0,20;NOMBRE "Nombre" true true false 150 Text 0 0,First,#,R:\DATOS\1_PASO_A_PRODUCCION\9e_parques_junio.gdb\Sistema_Distrital_Parques\Parque_20230719,NOMBRE,0,150;VOCACION "Vocación" true true false 4 Text 0 0,First,#,R:\DATOS\1_PASO_A_PRODUCCION\9e_parques_junio.gdb\Sistema_Distrital_Parques\Parque_20230719,VOCACION,0,4;NIVEL "Nivel" true true false 50 Text 0 0,First,#,R:\DATOS\1_PASO_A_PRODUCCION\9e_parques_junio.gdb\Sistema_Distrital_Parques\Parque_20230719,NIVEL,0,50;ACTUACION "Actuación" true true false 50 Text 0 0,First,#,R:\DATOS\1_PASO_A_PRODUCCION\9e_parques_junio.gdb\Sistema_Distrital_Parques\Parque_20230719,ACTUACION,0,50;ACTO_ADMINISTRATIVO "Acto Administrativo" true true false 4 Text 0 0,First,#,R:\DATOS\1_PASO_A_PRODUCCION\9e_parques_junio.gdb\Sistema_Distrital_Parques\Parque_20230719,ACTO_ADMINISTRATIVO,0,4;NUMERO_ACTO_ADMINISTRATIVO "Número Acto Administrativo" true true false 20 Text 0 0,First,#,R:\DATOS\1_PASO_A_PRODUCCION\9e_parques_junio.gdb\Sistema_Distrital_Parques\Parque_20230719,NUMERO_ACTO_ADMINISTRATIVO,0,20;FECHA_ACTO_ADMINISTRATIVO "Fecha Acto Administrativo" true true false 8 Date 0 0,First,#,R:\DATOS\1_PASO_A_PRODUCCION\9e_parques_junio.gdb\Sistema_Distrital_Parques\Parque_20230719,FECHA_ACTO_ADMINISTRATIVO,-1,-1;NORMATIVA "Normativa" true true false 255 Text 0 0,First,#,R:\DATOS\1_PASO_A_PRODUCCION\9e_parques_junio.gdb\Sistema_Distrital_Parques\Parque_20230719,NORMATIVA,0,255;TIPO_PARQUE "Tipo" true true false 4 Long 0 10,First,#,R:\DATOS\1_PASO_A_PRODUCCION\9e_parques_junio.gdb\Sistema_Distrital_Parques\Parque_20230719,TIPO_PARQUE,-1,-1;OBSERVACION "Observación" true true false 255 Text 0 0,First,#,R:\DATOS\1_PASO_A_PRODUCCION\9e_parques_junio.gdb\Sistema_Distrital_Parques\Parque_20230719,OBSERVACION,0,255;ESCALA_CAPTURA "Escala Captura" true true false 10 Text 0 0,First,#,R:\DATOS\1_PASO_A_PRODUCCION\9e_parques_junio.gdb\Sistema_Distrital_Parques\Parque_20230719,ESCALA_CAPTURA,0,10;FECHA_CAPTURA "Fecha Actualización" true true false 8 Date 0 0,First,#,R:\DATOS\1_PASO_A_PRODUCCION\9e_parques_junio.gdb\Sistema_Distrital_Parques\Parque_20230719,FECHA_CAPTURA,-1,-1;RESPONSABLE "Responsable" true true false 4 Text 0 0,First,#,R:\DATOS\1_PASO_A_PRODUCCION\9e_parques_junio.gdb\Sistema_Distrital_Parques\Parque_20230719,RESPONSABLE,0,4;REGLAID "ReglaID" true true true 4 Long 0 10,First,#,R:\DATOS\1_PASO_A_PRODUCCION\9e_parques_junio.gdb\Sistema_Distrital_Parques\Parque_20230719,REGLAID,-1,-1;OVERRIDE "Override" true true true 0 Blob 0 0,First,#,R:\DATOS\1_PASO_A_PRODUCCION\9e_parques_junio.gdb\Sistema_Distrital_Parques\Parque_20230719,OVERRIDE,-1,-1" # # # NOT_UPDATE_GEOMETRY</Process><Process ToolSource="c:\program files\arcgis\pro\Resources\ArcToolbox\toolboxes\Data Management Tools.tbx\Append" Date="20231130" Time="145734">Append R:\DATOS\1_PASO_A_PRODUCCION\11_PARQUES_EEP.gdb\Sistema_Distrital_Parques\Parque_20231031 "C:\Users\aramirez\AppData\Roaming\Esri\ArcGISPro\Favorites\sde (1).sde\ADMBDG.Sistema_Distrital_Parques\ADMBDG.Parque" "Use the field map to reconcile field differences" "CODIGO_ID "Identificador Único" true true false 20 Text 0 0,First,#,R:\DATOS\1_PASO_A_PRODUCCION\11_PARQUES_EEP.gdb\Sistema_Distrital_Parques\Parque_20231031,CODIGO_ID,0,19;NOMBRE "Nombre" true true false 150 Text 0 0,First,#,R:\DATOS\1_PASO_A_PRODUCCION\11_PARQUES_EEP.gdb\Sistema_Distrital_Parques\Parque_20231031,NOMBRE,0,149;VOCACION "Vocación" true true false 4 Text 0 0,First,#,R:\DATOS\1_PASO_A_PRODUCCION\11_PARQUES_EEP.gdb\Sistema_Distrital_Parques\Parque_20231031,VOCACION,0,3;NIVEL "Nivel" true true false 50 Text 0 0,First,#,R:\DATOS\1_PASO_A_PRODUCCION\11_PARQUES_EEP.gdb\Sistema_Distrital_Parques\Parque_20231031,NIVEL,0,49;ACTUACION "Actuación" true true false 50 Text 0 0,First,#,R:\DATOS\1_PASO_A_PRODUCCION\11_PARQUES_EEP.gdb\Sistema_Distrital_Parques\Parque_20231031,ACTUACION,0,49;ACTO_ADMINISTRATIVO "Acto Administrativo" true true false 4 Text 0 0,First,#,R:\DATOS\1_PASO_A_PRODUCCION\11_PARQUES_EEP.gdb\Sistema_Distrital_Parques\Parque_20231031,ACTO_ADMINISTRATIVO,0,3;NUMERO_ACTO_ADMINISTRATIVO "Número Acto Administrativo" true true false 20 Text 0 0,First,#,R:\DATOS\1_PASO_A_PRODUCCION\11_PARQUES_EEP.gdb\Sistema_Distrital_Parques\Parque_20231031,NUMERO_ACTO_ADMINISTRATIVO,0,19;FECHA_ACTO_ADMINISTRATIVO "Fecha Acto Administrativo" true true false 8 Date 0 0,First,#,R:\DATOS\1_PASO_A_PRODUCCION\11_PARQUES_EEP.gdb\Sistema_Distrital_Parques\Parque_20231031,FECHA_ACTO_ADMINISTRATIVO,-1,-1;NORMATIVA "Normativa" true true false 255 Text 0 0,First,#,R:\DATOS\1_PASO_A_PRODUCCION\11_PARQUES_EEP.gdb\Sistema_Distrital_Parques\Parque_20231031,NORMATIVA,0,254;TIPO_PARQUE "Tipo" true true false 4 Long 0 10,First,#,R:\DATOS\1_PASO_A_PRODUCCION\11_PARQUES_EEP.gdb\Sistema_Distrital_Parques\Parque_20231031,TIPO_PARQUE,-1,-1;OBSERVACION "Observación" true true false 255 Text 0 0,First,#,R:\DATOS\1_PASO_A_PRODUCCION\11_PARQUES_EEP.gdb\Sistema_Distrital_Parques\Parque_20231031,OBSERVACION,0,254;ESCALA_CAPTURA "Escala Captura" true true false 10 Text 0 0,First,#,R:\DATOS\1_PASO_A_PRODUCCION\11_PARQUES_EEP.gdb\Sistema_Distrital_Parques\Parque_20231031,ESCALA_CAPTURA,0,9;FECHA_CAPTURA "Fecha Actualización" true true false 8 Date 0 0,First,#,R:\DATOS\1_PASO_A_PRODUCCION\11_PARQUES_EEP.gdb\Sistema_Distrital_Parques\Parque_20231031,FECHA_CAPTURA,-1,-1;RESPONSABLE "Responsable" true true false 4 Text 0 0,First,#,R:\DATOS\1_PASO_A_PRODUCCION\11_PARQUES_EEP.gdb\Sistema_Distrital_Parques\Parque_20231031,RESPONSABLE,0,3;REGLAID "ReglaID" true true true 4 Long 0 10,First,#,R:\DATOS\1_PASO_A_PRODUCCION\11_PARQUES_EEP.gdb\Sistema_Distrital_Parques\Parque_20231031,REGLAID,-1,-1;OVERRIDE "Override" true true true 0 Blob 0 0,First,#,R:\DATOS\1_PASO_A_PRODUCCION\11_PARQUES_EEP.gdb\Sistema_Distrital_Parques\Parque_20231031,OVERRIDE,-1,-1" # # # NOT_UPDATE_GEOMETRY</Process><Process ToolSource="c:\program files\arcgis\pro\Resources\ArcToolbox\toolboxes\Data Management Tools.tbx\Append" Date="20240228" Time="072357">Append R:\DATOS\4_TEMPO_TAREAS\5_MANTENIMIENTO_BDG\PROYECTO_FASE_2024\COMPILADO\IDRD\RESOLUCION\ESTRUCTURADO\PARQUE_IDRD_NOV23.gdb\Sistema_Distrital_Parques\Parque_IDRD_NOV_2023_BORRADOS_POT_ENTREGADO "C:\Users\aramirez\AppData\Roaming\Esri\ArcGISPro\Favorites\sde (1).sde\ADMBDG.Sistema_Distrital_Parques\ADMBDG.Parque" "Use the field map to reconcile field differences" "CODIGO_ID "Identificador Único" true true false 20 Text 0 0,First,#,R:\DATOS\4_TEMPO_TAREAS\5_MANTENIMIENTO_BDG\PROYECTO_FASE_2024\COMPILADO\IDRD\RESOLUCION\ESTRUCTURADO\PARQUE_IDRD_NOV23.gdb\Sistema_Distrital_Parques\Parque_IDRD_NOV_2023_BORRADOS_POT_ENTREGADO,CODIGO_ID,0,19;NOMBRE "Nombre" true true false 150 Text 0 0,First,#,R:\DATOS\4_TEMPO_TAREAS\5_MANTENIMIENTO_BDG\PROYECTO_FASE_2024\COMPILADO\IDRD\RESOLUCION\ESTRUCTURADO\PARQUE_IDRD_NOV23.gdb\Sistema_Distrital_Parques\Parque_IDRD_NOV_2023_BORRADOS_POT_ENTREGADO,NOMBRE,0,149;VOCACION "Vocación" true true false 4 Text 0 0,First,#,R:\DATOS\4_TEMPO_TAREAS\5_MANTENIMIENTO_BDG\PROYECTO_FASE_2024\COMPILADO\IDRD\RESOLUCION\ESTRUCTURADO\PARQUE_IDRD_NOV23.gdb\Sistema_Distrital_Parques\Parque_IDRD_NOV_2023_BORRADOS_POT_ENTREGADO,VOCACION,0,3;NIVEL "Nivel" true true false 50 Text 0 0,First,#,R:\DATOS\4_TEMPO_TAREAS\5_MANTENIMIENTO_BDG\PROYECTO_FASE_2024\COMPILADO\IDRD\RESOLUCION\ESTRUCTURADO\PARQUE_IDRD_NOV23.gdb\Sistema_Distrital_Parques\Parque_IDRD_NOV_2023_BORRADOS_POT_ENTREGADO,NIVEL,0,49;ACTUACION "Actuación" true true false 50 Text 0 0,First,#,R:\DATOS\4_TEMPO_TAREAS\5_MANTENIMIENTO_BDG\PROYECTO_FASE_2024\COMPILADO\IDRD\RESOLUCION\ESTRUCTURADO\PARQUE_IDRD_NOV23.gdb\Sistema_Distrital_Parques\Parque_IDRD_NOV_2023_BORRADOS_POT_ENTREGADO,ACTUACION,0,49;ACTO_ADMINISTRATIVO "Acto Administrativo" true true false 4 Text 0 0,First,#,R:\DATOS\4_TEMPO_TAREAS\5_MANTENIMIENTO_BDG\PROYECTO_FASE_2024\COMPILADO\IDRD\RESOLUCION\ESTRUCTURADO\PARQUE_IDRD_NOV23.gdb\Sistema_Distrital_Parques\Parque_IDRD_NOV_2023_BORRADOS_POT_ENTREGADO,ACTO_ADMINISTRATIVO,0,3;NUMERO_ACTO_ADMINISTRATIVO "Número Acto Administrativo" true true false 20 Text 0 0,First,#,R:\DATOS\4_TEMPO_TAREAS\5_MANTENIMIENTO_BDG\PROYECTO_FASE_2024\COMPILADO\IDRD\RESOLUCION\ESTRUCTURADO\PARQUE_IDRD_NOV23.gdb\Sistema_Distrital_Parques\Parque_IDRD_NOV_2023_BORRADOS_POT_ENTREGADO,NUMERO_ACTO_ADMINISTRATIVO,0,19;FECHA_ACTO_ADMINISTRATIVO "Fecha Acto Administrativo" true true false 8 Date 0 0,First,#,R:\DATOS\4_TEMPO_TAREAS\5_MANTENIMIENTO_BDG\PROYECTO_FASE_2024\COMPILADO\IDRD\RESOLUCION\ESTRUCTURADO\PARQUE_IDRD_NOV23.gdb\Sistema_Distrital_Parques\Parque_IDRD_NOV_2023_BORRADOS_POT_ENTREGADO,FECHA_ACTO_ADMINISTRATIVO,-1,-1;NORMATIVA "Normativa" true true false 255 Text 0 0,First,#,R:\DATOS\4_TEMPO_TAREAS\5_MANTENIMIENTO_BDG\PROYECTO_FASE_2024\COMPILADO\IDRD\RESOLUCION\ESTRUCTURADO\PARQUE_IDRD_NOV23.gdb\Sistema_Distrital_Parques\Parque_IDRD_NOV_2023_BORRADOS_POT_ENTREGADO,NORMATIVA,0,254;TIPO_PARQUE "Tipo" true true false 4 Long 0 10,First,#,R:\DATOS\4_TEMPO_TAREAS\5_MANTENIMIENTO_BDG\PROYECTO_FASE_2024\COMPILADO\IDRD\RESOLUCION\ESTRUCTURADO\PARQUE_IDRD_NOV23.gdb\Sistema_Distrital_Parques\Parque_IDRD_NOV_2023_BORRADOS_POT_ENTREGADO,TIPO_PARQUE,-1,-1;OBSERVACION "Observación" true true false 255 Text 0 0,First,#,R:\DATOS\4_TEMPO_TAREAS\5_MANTENIMIENTO_BDG\PROYECTO_FASE_2024\COMPILADO\IDRD\RESOLUCION\ESTRUCTURADO\PARQUE_IDRD_NOV23.gdb\Sistema_Distrital_Parques\Parque_IDRD_NOV_2023_BORRADOS_POT_ENTREGADO,OBSERVACION,0,254;ESCALA_CAPTURA "Escala Captura" true true false 10 Text 0 0,First,#,R:\DATOS\4_TEMPO_TAREAS\5_MANTENIMIENTO_BDG\PROYECTO_FASE_2024\COMPILADO\IDRD\RESOLUCION\ESTRUCTURADO\PARQUE_IDRD_NOV23.gdb\Sistema_Distrital_Parques\Parque_IDRD_NOV_2023_BORRADOS_POT_ENTREGADO,ESCALA_CAPTURA,0,9;FECHA_CAPTURA "Fecha Actualización" true true false 8 Date 0 0,First,#,R:\DATOS\4_TEMPO_TAREAS\5_MANTENIMIENTO_BDG\PROYECTO_FASE_2024\COMPILADO\IDRD\RESOLUCION\ESTRUCTURADO\PARQUE_IDRD_NOV23.gdb\Sistema_Distrital_Parques\Parque_IDRD_NOV_2023_BORRADOS_POT_ENTREGADO,FECHA_CAPTURA,-1,-1;RESPONSABLE "Responsable" true true false 4 Text 0 0,First,#,R:\DATOS\4_TEMPO_TAREAS\5_MANTENIMIENTO_BDG\PROYECTO_FASE_2024\COMPILADO\IDRD\RESOLUCION\ESTRUCTURADO\PARQUE_IDRD_NOV23.gdb\Sistema_Distrital_Parques\Parque_IDRD_NOV_2023_BORRADOS_POT_ENTREGADO,RESPONSABLE,0,3;REGLAID "ReglaID" true true true 4 Long 0 10,First,#,R:\DATOS\4_TEMPO_TAREAS\5_MANTENIMIENTO_BDG\PROYECTO_FASE_2024\COMPILADO\IDRD\RESOLUCION\ESTRUCTURADO\PARQUE_IDRD_NOV23.gdb\Sistema_Distrital_Parques\Parque_IDRD_NOV_2023_BORRADOS_POT_ENTREGADO,REGLAID,-1,-1;OVERRIDE "Override" true true true 0 Blob 0 0,First,#,R:\DATOS\4_TEMPO_TAREAS\5_MANTENIMIENTO_BDG\PROYECTO_FASE_2024\COMPILADO\IDRD\RESOLUCION\ESTRUCTURADO\PARQUE_IDRD_NOV23.gdb\Sistema_Distrital_Parques\Parque_IDRD_NOV_2023_BORRADOS_POT_ENTREGADO,OVERRIDE,-1,-1" # # # NOT_UPDATE_GEOMETRY</Process><Process ToolSource="c:\program files\arcgis\pro\Resources\ArcToolbox\toolboxes\Data Management Tools.tbx\DeleteFeatures" Date="20240409" Time="093047">DeleteFeatures "C:\Users\aramirez\AppData\Roaming\Esri\ArcGISPro\Favorites\sde (1).sde\ADMBDG.Sistema_Distrital_Parques\ADMBDG.Parque"</Process><Process ToolSource="c:\program files\arcgis\pro\Resources\ArcToolbox\toolboxes\Data Management Tools.tbx\Append" Date="20240409" Time="093312">Append C:\Tempo\CARGUE_BDGC\Cargue_bdgc.gdb\Parque "C:\Users\aramirez\AppData\Roaming\Esri\ArcGISPro\Favorites\sde (1).sde\ADMBDG.Sistema_Distrital_Parques\ADMBDG.Parque" "Use the field map to reconcile field differences" "CODIGO_ID "Identificador Único" true true false 20 Text 0 0,First,#,C:\Tempo\CARGUE_BDGC\Cargue_bdgc.gdb\Parque,CODIGO_ID,0,19;NOMBRE "Nombre" true true false 150 Text 0 0,First,#,C:\Tempo\CARGUE_BDGC\Cargue_bdgc.gdb\Parque,NOMBRE,0,149;VOCACION "Vocación" true true false 4 Text 0 0,First,#,C:\Tempo\CARGUE_BDGC\Cargue_bdgc.gdb\Parque,VOCACION,0,3;NIVEL "Nivel" true true false 50 Text 0 0,First,#,C:\Tempo\CARGUE_BDGC\Cargue_bdgc.gdb\Parque,NIVEL,0,49;ACTUACION "Actuación" true true false 50 Text 0 0,First,#,C:\Tempo\CARGUE_BDGC\Cargue_bdgc.gdb\Parque,ACTUACION,0,49;ACTO_ADMINISTRATIVO "Acto Administrativo" true true false 4 Text 0 0,First,#,C:\Tempo\CARGUE_BDGC\Cargue_bdgc.gdb\Parque,ACTO_ADMINISTRATIVO,0,3;NUMERO_ACTO_ADMINISTRATIVO "Número Acto Administrativo" true true false 20 Text 0 0,First,#,C:\Tempo\CARGUE_BDGC\Cargue_bdgc.gdb\Parque,NUMERO_ACTO_ADMINISTRATIVO,0,19;FECHA_ACTO_ADMINISTRATIVO "Fecha Acto Administrativo" true true false 8 Date 0 0,First,#,C:\Tempo\CARGUE_BDGC\Cargue_bdgc.gdb\Parque,FECHA_ACTO_ADMINISTRATIVO,-1,-1;NORMATIVA "Normativa" true true false 255 Text 0 0,First,#,C:\Tempo\CARGUE_BDGC\Cargue_bdgc.gdb\Parque,NORMATIVA,0,254;TIPO_PARQUE "Tipo" true true false 4 Long 0 10,First,#,C:\Tempo\CARGUE_BDGC\Cargue_bdgc.gdb\Parque,TIPO_PARQUE,-1,-1;OBSERVACION "Observación" true true false 255 Text 0 0,First,#,C:\Tempo\CARGUE_BDGC\Cargue_bdgc.gdb\Parque,OBSERVACION,0,254;ESCALA_CAPTURA "Escala Captura" true true false 10 Text 0 0,First,#,C:\Tempo\CARGUE_BDGC\Cargue_bdgc.gdb\Parque,ESCALA_CAPTURA,0,9;FECHA_CAPTURA "Fecha Actualización" true true false 8 Date 0 0,First,#,C:\Tempo\CARGUE_BDGC\Cargue_bdgc.gdb\Parque,FECHA_CAPTURA,-1,-1;RESPONSABLE "Responsable" true true false 4 Text 0 0,First,#,C:\Tempo\CARGUE_BDGC\Cargue_bdgc.gdb\Parque,RESPONSABLE,0,3;REGLAID "ReglaID" true true true 4 Long 0 10,First,#,C:\Tempo\CARGUE_BDGC\Cargue_bdgc.gdb\Parque,REGLAID,-1,-1;OVERRIDE "Override" true true true 0 Blob 0 0,First,#,C:\Tempo\CARGUE_BDGC\Cargue_bdgc.gdb\Parque,OVERRIDE,-1,-1" # # # NOT_UPDATE_GEOMETRY</Process><Process ToolSource="c:\program files\arcgis\pro\Resources\ArcToolbox\toolboxes\Data Management Tools.tbx\Append" Date="20240422" Time="154110">Append R:\DATOS\4_TEMPO_TAREAS\5_MANTENIMIENTO_BDG\PROYECTO_FASE_2024\COMPILADO\IDRD\RESOLUCION_339_2024\shape_parques_procesamiento.gdb\Parque_original_estructurado_20240306 "C:\Users\aramirez\AppData\Roaming\Esri\ArcGISPro\Favorites\sde (1).sde\ADMBDG.Sistema_Distrital_Parques\ADMBDG.Parque" "Use the field map to reconcile field differences" "CODIGO_ID "Identificador Único" true true false 20 Text 0 0,First,#,R:\DATOS\4_TEMPO_TAREAS\5_MANTENIMIENTO_BDG\PROYECTO_FASE_2024\COMPILADO\IDRD\RESOLUCION_339_2024\shape_parques_procesamiento.gdb\Parque_original_estructurado_20240306,CODIGO_ID,0,19;NOMBRE "Nombre" true true false 150 Text 0 0,First,#,R:\DATOS\4_TEMPO_TAREAS\5_MANTENIMIENTO_BDG\PROYECTO_FASE_2024\COMPILADO\IDRD\RESOLUCION_339_2024\shape_parques_procesamiento.gdb\Parque_original_estructurado_20240306,NOMBRE,0,149;VOCACION "Vocación" true true false 4 Text 0 0,First,#,R:\DATOS\4_TEMPO_TAREAS\5_MANTENIMIENTO_BDG\PROYECTO_FASE_2024\COMPILADO\IDRD\RESOLUCION_339_2024\shape_parques_procesamiento.gdb\Parque_original_estructurado_20240306,VOCACION,0,3;NIVEL "Nivel" true true false 50 Text 0 0,First,#,R:\DATOS\4_TEMPO_TAREAS\5_MANTENIMIENTO_BDG\PROYECTO_FASE_2024\COMPILADO\IDRD\RESOLUCION_339_2024\shape_parques_procesamiento.gdb\Parque_original_estructurado_20240306,NIVEL,0,49;ACTUACION "Actuación" true true false 50 Text 0 0,First,#,R:\DATOS\4_TEMPO_TAREAS\5_MANTENIMIENTO_BDG\PROYECTO_FASE_2024\COMPILADO\IDRD\RESOLUCION_339_2024\shape_parques_procesamiento.gdb\Parque_original_estructurado_20240306,ACTUACION,0,49;ACTO_ADMINISTRATIVO "Acto Administrativo" true true false 4 Text 0 0,First,#,R:\DATOS\4_TEMPO_TAREAS\5_MANTENIMIENTO_BDG\PROYECTO_FASE_2024\COMPILADO\IDRD\RESOLUCION_339_2024\shape_parques_procesamiento.gdb\Parque_original_estructurado_20240306,ACTO_ADMINISTRATIVO,0,3;NUMERO_ACTO_ADMINISTRATIVO "Número Acto Administrativo" true true false 20 Text 0 0,First,#,R:\DATOS\4_TEMPO_TAREAS\5_MANTENIMIENTO_BDG\PROYECTO_FASE_2024\COMPILADO\IDRD\RESOLUCION_339_2024\shape_parques_procesamiento.gdb\Parque_original_estructurado_20240306,NUMERO_ACTO_ADMINISTRATIVO,0,19;FECHA_ACTO_ADMINISTRATIVO "Fecha Acto Administrativo" true true false 8 Date 0 0,First,#,R:\DATOS\4_TEMPO_TAREAS\5_MANTENIMIENTO_BDG\PROYECTO_FASE_2024\COMPILADO\IDRD\RESOLUCION_339_2024\shape_parques_procesamiento.gdb\Parque_original_estructurado_20240306,FECHA_ACTO_ADMINISTRATIVO,-1,-1;NORMATIVA "Normativa" true true false 255 Text 0 0,First,#,R:\DATOS\4_TEMPO_TAREAS\5_MANTENIMIENTO_BDG\PROYECTO_FASE_2024\COMPILADO\IDRD\RESOLUCION_339_2024\shape_parques_procesamiento.gdb\Parque_original_estructurado_20240306,NORMATIVA,0,254;TIPO_PARQUE "Tipo" true true false 4 Long 0 10,First,#,R:\DATOS\4_TEMPO_TAREAS\5_MANTENIMIENTO_BDG\PROYECTO_FASE_2024\COMPILADO\IDRD\RESOLUCION_339_2024\shape_parques_procesamiento.gdb\Parque_original_estructurado_20240306,TIPO_PARQUE,-1,-1;OBSERVACION "Observación" true true false 255 Text 0 0,First,#,R:\DATOS\4_TEMPO_TAREAS\5_MANTENIMIENTO_BDG\PROYECTO_FASE_2024\COMPILADO\IDRD\RESOLUCION_339_2024\shape_parques_procesamiento.gdb\Parque_original_estructurado_20240306,OBSERVACION,0,254;ESCALA_CAPTURA "Escala Captura" true true false 10 Text 0 0,First,#,R:\DATOS\4_TEMPO_TAREAS\5_MANTENIMIENTO_BDG\PROYECTO_FASE_2024\COMPILADO\IDRD\RESOLUCION_339_2024\shape_parques_procesamiento.gdb\Parque_original_estructurado_20240306,ESCALA_CAPTURA,0,9;FECHA_CAPTURA "Fecha Actualización" true true false 8 Date 0 0,First,#,R:\DATOS\4_TEMPO_TAREAS\5_MANTENIMIENTO_BDG\PROYECTO_FASE_2024\COMPILADO\IDRD\RESOLUCION_339_2024\shape_parques_procesamiento.gdb\Parque_original_estructurado_20240306,FECHA_CAPTURA,-1,-1;RESPONSABLE "Responsable" true true false 4 Text 0 0,First,#,R:\DATOS\4_TEMPO_TAREAS\5_MANTENIMIENTO_BDG\PROYECTO_FASE_2024\COMPILADO\IDRD\RESOLUCION_339_2024\shape_parques_procesamiento.gdb\Parque_original_estructurado_20240306,RESPONSABLE,0,3;REGLAID "ReglaID" true true true 4 Long 0 10,First,#,R:\DATOS\4_TEMPO_TAREAS\5_MANTENIMIENTO_BDG\PROYECTO_FASE_2024\COMPILADO\IDRD\RESOLUCION_339_2024\shape_parques_procesamiento.gdb\Parque_original_estructurado_20240306,REGLAID,-1,-1;OVERRIDE "Override" true true true 0 Blob 0 0,First,#,R:\DATOS\4_TEMPO_TAREAS\5_MANTENIMIENTO_BDG\PROYECTO_FASE_2024\COMPILADO\IDRD\RESOLUCION_339_2024\shape_parques_procesamiento.gdb\Parque_original_estructurado_20240306,OVERRIDE,-1,-1" # # # NOT_UPDATE_GEOMETRY</Process><Process ToolSource="c:\program files\arcgis\pro\Resources\ArcToolbox\toolboxes\Data Management Tools.tbx\Append" Date="20240502" Time="145445">Append R:\DATOS\0_URGENTE_TAREAS_VARIAS\MATRIZ_BDG\_AA_INFORMACION_HOMOLOGADA\A_INFORMACION_HOMOLOGADA_CAMBIOS_ESTRUCTURA_NUEVA_BASE_1.gdb\Sistema_Distrital_Parques\Parque_20240306 "C:\Users\aramirez\AppData\Roaming\Esri\ArcGISPro\Favorites\sde (1).sde\ADMBDG.Sistema_Distrital_Parques\ADMBDG.Parque" "Use the field map to reconcile field differences" "CODIGO_ID "Identificador Único" true true false 20 Text 0 0,First,#,R:\DATOS\0_URGENTE_TAREAS_VARIAS\MATRIZ_BDG\_AA_INFORMACION_HOMOLOGADA\A_INFORMACION_HOMOLOGADA_CAMBIOS_ESTRUCTURA_NUEVA_BASE_1.gdb\Sistema_Distrital_Parques\Parque_20240306,CODIGO_ID,0,19;NOMBRE "Nombre" true true false 150 Text 0 0,First,#,R:\DATOS\0_URGENTE_TAREAS_VARIAS\MATRIZ_BDG\_AA_INFORMACION_HOMOLOGADA\A_INFORMACION_HOMOLOGADA_CAMBIOS_ESTRUCTURA_NUEVA_BASE_1.gdb\Sistema_Distrital_Parques\Parque_20240306,NOMBRE,0,149;VOCACION "Vocación" true true false 4 Text 0 0,First,#,R:\DATOS\0_URGENTE_TAREAS_VARIAS\MATRIZ_BDG\_AA_INFORMACION_HOMOLOGADA\A_INFORMACION_HOMOLOGADA_CAMBIOS_ESTRUCTURA_NUEVA_BASE_1.gdb\Sistema_Distrital_Parques\Parque_20240306,VOCACION,0,3;NIVEL "Nivel" true true false 50 Text 0 0,First,#,R:\DATOS\0_URGENTE_TAREAS_VARIAS\MATRIZ_BDG\_AA_INFORMACION_HOMOLOGADA\A_INFORMACION_HOMOLOGADA_CAMBIOS_ESTRUCTURA_NUEVA_BASE_1.gdb\Sistema_Distrital_Parques\Parque_20240306,NIVEL,0,49;ACTUACION "Actuación" true true false 50 Text 0 0,First,#,R:\DATOS\0_URGENTE_TAREAS_VARIAS\MATRIZ_BDG\_AA_INFORMACION_HOMOLOGADA\A_INFORMACION_HOMOLOGADA_CAMBIOS_ESTRUCTURA_NUEVA_BASE_1.gdb\Sistema_Distrital_Parques\Parque_20240306,ACTUACION,0,49;ACTO_ADMINISTRATIVO "Acto Administrativo" true true false 4 Text 0 0,First,#,R:\DATOS\0_URGENTE_TAREAS_VARIAS\MATRIZ_BDG\_AA_INFORMACION_HOMOLOGADA\A_INFORMACION_HOMOLOGADA_CAMBIOS_ESTRUCTURA_NUEVA_BASE_1.gdb\Sistema_Distrital_Parques\Parque_20240306,ACTO_ADMINISTRATIVO,0,3;NUMERO_ACTO_ADMINISTRATIVO "Número Acto Administrativo" true true false 20 Text 0 0,First,#,R:\DATOS\0_URGENTE_TAREAS_VARIAS\MATRIZ_BDG\_AA_INFORMACION_HOMOLOGADA\A_INFORMACION_HOMOLOGADA_CAMBIOS_ESTRUCTURA_NUEVA_BASE_1.gdb\Sistema_Distrital_Parques\Parque_20240306,NUMERO_ACTO_ADMINISTRATIVO,0,19;FECHA_ACTO_ADMINISTRATIVO "Fecha Acto Administrativo" true true false 8 Date 0 0,First,#,R:\DATOS\0_URGENTE_TAREAS_VARIAS\MATRIZ_BDG\_AA_INFORMACION_HOMOLOGADA\A_INFORMACION_HOMOLOGADA_CAMBIOS_ESTRUCTURA_NUEVA_BASE_1.gdb\Sistema_Distrital_Parques\Parque_20240306,FECHA_ACTO_ADMINISTRATIVO,-1,-1;NORMATIVA "Normativa" true true false 255 Text 0 0,First,#,R:\DATOS\0_URGENTE_TAREAS_VARIAS\MATRIZ_BDG\_AA_INFORMACION_HOMOLOGADA\A_INFORMACION_HOMOLOGADA_CAMBIOS_ESTRUCTURA_NUEVA_BASE_1.gdb\Sistema_Distrital_Parques\Parque_20240306,NORMATIVA,0,254;TIPO_PARQUE "Tipo" true true false 4 Long 0 10,First,#,R:\DATOS\0_URGENTE_TAREAS_VARIAS\MATRIZ_BDG\_AA_INFORMACION_HOMOLOGADA\A_INFORMACION_HOMOLOGADA_CAMBIOS_ESTRUCTURA_NUEVA_BASE_1.gdb\Sistema_Distrital_Parques\Parque_20240306,TIPO_PARQUE,-1,-1;OBSERVACION "Observación" true true false 255 Text 0 0,First,#,R:\DATOS\0_URGENTE_TAREAS_VARIAS\MATRIZ_BDG\_AA_INFORMACION_HOMOLOGADA\A_INFORMACION_HOMOLOGADA_CAMBIOS_ESTRUCTURA_NUEVA_BASE_1.gdb\Sistema_Distrital_Parques\Parque_20240306,OBSERVACION,0,254;ESCALA_CAPTURA "Escala Captura" true true false 10 Text 0 0,First,#,R:\DATOS\0_URGENTE_TAREAS_VARIAS\MATRIZ_BDG\_AA_INFORMACION_HOMOLOGADA\A_INFORMACION_HOMOLOGADA_CAMBIOS_ESTRUCTURA_NUEVA_BASE_1.gdb\Sistema_Distrital_Parques\Parque_20240306,ESCALA_CAPTURA,0,9;FECHA_CAPTURA "Fecha Actualización" true true false 8 Date 0 0,First,#,R:\DATOS\0_URGENTE_TAREAS_VARIAS\MATRIZ_BDG\_AA_INFORMACION_HOMOLOGADA\A_INFORMACION_HOMOLOGADA_CAMBIOS_ESTRUCTURA_NUEVA_BASE_1.gdb\Sistema_Distrital_Parques\Parque_20240306,FECHA_CAPTURA,-1,-1;RESPONSABLE "Responsable" true true false 4 Text 0 0,First,#,R:\DATOS\0_URGENTE_TAREAS_VARIAS\MATRIZ_BDG\_AA_INFORMACION_HOMOLOGADA\A_INFORMACION_HOMOLOGADA_CAMBIOS_ESTRUCTURA_NUEVA_BASE_1.gdb\Sistema_Distrital_Parques\Parque_20240306,RESPONSABLE,0,3;REGLAID "ReglaID" true true true 4 Long 0 10,First,#,R:\DATOS\0_URGENTE_TAREAS_VARIAS\MATRIZ_BDG\_AA_INFORMACION_HOMOLOGADA\A_INFORMACION_HOMOLOGADA_CAMBIOS_ESTRUCTURA_NUEVA_BASE_1.gdb\Sistema_Distrital_Parques\Parque_20240306,REGLAID,-1,-1;OVERRIDE "Override" true true true 0 Blob 0 0,First,#,R:\DATOS\0_URGENTE_TAREAS_VARIAS\MATRIZ_BDG\_AA_INFORMACION_HOMOLOGADA\A_INFORMACION_HOMOLOGADA_CAMBIOS_ESTRUCTURA_NUEVA_BASE_1.gdb\Sistema_Distrital_Parques\Parque_20240306,OVERRIDE,-1,-1" # # # NOT_UPDATE_GEOMETRY</Process><Process ToolSource="c:\program files\arcgis\pro\Resources\ArcToolbox\toolboxes\Data Management Tools.tbx\Append" Date="20241024" Time="153304">Append R:\DATOS\1_PASO_A_PRODUCCION\22_Parques.gdb\Sistema_Distrital_Parques\Parque_20240913 C:\Users\aramirez\AppData\Roaming\Esri\ArcGISPro\Favorites\SDP_BDGC.sde\ADMBDG.Sistema_Distrital_Parques\ADMBDG.Parque "Use the field map to reconcile field differences" "CODIGO_ID "Identificador Único" true true false 20 Text 0 0,First,#,R:\DATOS\1_PASO_A_PRODUCCION\22_Parques.gdb\Sistema_Distrital_Parques\Parque_20240913,CODIGO_ID,0,19;NOMBRE "Nombre" true true false 150 Text 0 0,First,#,R:\DATOS\1_PASO_A_PRODUCCION\22_Parques.gdb\Sistema_Distrital_Parques\Parque_20240913,NOMBRE,0,149;VOCACION "Vocación" true true false 4 Text 0 0,First,#,R:\DATOS\1_PASO_A_PRODUCCION\22_Parques.gdb\Sistema_Distrital_Parques\Parque_20240913,VOCACION,0,3;NIVEL "Nivel" true true false 50 Text 0 0,First,#,R:\DATOS\1_PASO_A_PRODUCCION\22_Parques.gdb\Sistema_Distrital_Parques\Parque_20240913,NIVEL,0,49;ACTUACION "Actuación" true true false 50 Text 0 0,First,#,R:\DATOS\1_PASO_A_PRODUCCION\22_Parques.gdb\Sistema_Distrital_Parques\Parque_20240913,ACTUACION,0,49;ACTO_ADMINISTRATIVO "Acto Administrativo" true true false 4 Text 0 0,First,#,R:\DATOS\1_PASO_A_PRODUCCION\22_Parques.gdb\Sistema_Distrital_Parques\Parque_20240913,ACTO_ADMINISTRATIVO,0,3;NUMERO_ACTO_ADMINISTRATIVO "Número Acto Administrativo" true true false 20 Text 0 0,First,#,R:\DATOS\1_PASO_A_PRODUCCION\22_Parques.gdb\Sistema_Distrital_Parques\Parque_20240913,NUMERO_ACTO_ADMINISTRATIVO,0,19;FECHA_ACTO_ADMINISTRATIVO "Fecha Acto Administrativo" true true false 8 Date 0 0,First,#,R:\DATOS\1_PASO_A_PRODUCCION\22_Parques.gdb\Sistema_Distrital_Parques\Parque_20240913,FECHA_ACTO_ADMINISTRATIVO,-1,-1;NORMATIVA "Normativa" true true false 255 Text 0 0,First,#,R:\DATOS\1_PASO_A_PRODUCCION\22_Parques.gdb\Sistema_Distrital_Parques\Parque_20240913,NORMATIVA,0,254;TIPO_PARQUE "Tipo" true true false 4 Long 0 10,First,#,R:\DATOS\1_PASO_A_PRODUCCION\22_Parques.gdb\Sistema_Distrital_Parques\Parque_20240913,TIPO_PARQUE,-1,-1;OBSERVACION "Observación" true true false 255 Text 0 0,First,#,R:\DATOS\1_PASO_A_PRODUCCION\22_Parques.gdb\Sistema_Distrital_Parques\Parque_20240913,OBSERVACION,0,254;ESCALA_CAPTURA "Escala Captura" true true false 10 Text 0 0,First,#,R:\DATOS\1_PASO_A_PRODUCCION\22_Parques.gdb\Sistema_Distrital_Parques\Parque_20240913,ESCALA_CAPTURA,0,9;FECHA_CAPTURA "Fecha Actualización" true true false 8 Date 0 0,First,#,R:\DATOS\1_PASO_A_PRODUCCION\22_Parques.gdb\Sistema_Distrital_Parques\Parque_20240913,FECHA_CAPTURA,-1,-1;RESPONSABLE "Responsable" true true false 4 Text 0 0,First,#,R:\DATOS\1_PASO_A_PRODUCCION\22_Parques.gdb\Sistema_Distrital_Parques\Parque_20240913,RESPONSABLE,0,3;REGLAID "ReglaID" true true true 4 Long 0 10,First,#,R:\DATOS\1_PASO_A_PRODUCCION\22_Parques.gdb\Sistema_Distrital_Parques\Parque_20240913,REGLAID,-1,-1;OVERRIDE "Override" true true true 0 Blob 0 0,First,#,R:\DATOS\1_PASO_A_PRODUCCION\22_Parques.gdb\Sistema_Distrital_Parques\Parque_20240913,OVERRIDE,-1,-1" # # # NOT_UPDATE_GEOMETRY</Process><Process ToolSource="c:\program files\arcgis\pro\Resources\ArcToolbox\toolboxes\Data Management Tools.tbx\Append" Date="20250627" Time="121740">Append D:\DATOS\4_TEMPO_TAREAS\5_MANTENIMIENTO_BDG\PROYECTO_FASE_2025\TEMPORAL\IDRD\1-2025-25976\Res_477_2025\Res_477_2025.gdb\Parque "C:\Users\aramirez\AppData\Roaming\Esri\ArcGISPro\Favorites\BDG_SDP(aramirez) (1).sde\ADMBDG.Sistema_Distrital_Parques\ADMBDG.Parque" "Use the field map to reconcile field differences" "CODIGO_ID "Identificador Único" true true false 20 Text 0 0,First,#,D:\DATOS\4_TEMPO_TAREAS\5_MANTENIMIENTO_BDG\PROYECTO_FASE_2025\TEMPORAL\IDRD\1-2025-25976\Res_477_2025\Res_477_2025.gdb\Parque,CODIGO_ID,0,19;NOMBRE "Nombre" true true false 150 Text 0 0,First,#,D:\DATOS\4_TEMPO_TAREAS\5_MANTENIMIENTO_BDG\PROYECTO_FASE_2025\TEMPORAL\IDRD\1-2025-25976\Res_477_2025\Res_477_2025.gdb\Parque,NOMBRE,0,149;VOCACION "Vocación" true true false 4 Text 0 0,First,#,D:\DATOS\4_TEMPO_TAREAS\5_MANTENIMIENTO_BDG\PROYECTO_FASE_2025\TEMPORAL\IDRD\1-2025-25976\Res_477_2025\Res_477_2025.gdb\Parque,VOCACION,0,3;NIVEL "Nivel" true true false 50 Text 0 0,First,#,D:\DATOS\4_TEMPO_TAREAS\5_MANTENIMIENTO_BDG\PROYECTO_FASE_2025\TEMPORAL\IDRD\1-2025-25976\Res_477_2025\Res_477_2025.gdb\Parque,NIVEL,0,49;ACTUACION "Actuación" true true false 50 Text 0 0,First,#,D:\DATOS\4_TEMPO_TAREAS\5_MANTENIMIENTO_BDG\PROYECTO_FASE_2025\TEMPORAL\IDRD\1-2025-25976\Res_477_2025\Res_477_2025.gdb\Parque,ACTUACION,0,49;ACTO_ADMINISTRATIVO "Acto Administrativo" true true false 4 Text 0 0,First,#,D:\DATOS\4_TEMPO_TAREAS\5_MANTENIMIENTO_BDG\PROYECTO_FASE_2025\TEMPORAL\IDRD\1-2025-25976\Res_477_2025\Res_477_2025.gdb\Parque,ACTO_ADMINISTRATIVO,0,3;NUMERO_ACTO_ADMINISTRATIVO "Número Acto Administrativo" true true false 20 Text 0 0,First,#,D:\DATOS\4_TEMPO_TAREAS\5_MANTENIMIENTO_BDG\PROYECTO_FASE_2025\TEMPORAL\IDRD\1-2025-25976\Res_477_2025\Res_477_2025.gdb\Parque,NUMERO_ACTO_ADMINISTRATIVO,0,19;FECHA_ACTO_ADMINISTRATIVO "Fecha Acto Administrativo" true true false 8 Date 0 0,First,#,D:\DATOS\4_TEMPO_TAREAS\5_MANTENIMIENTO_BDG\PROYECTO_FASE_2025\TEMPORAL\IDRD\1-2025-25976\Res_477_2025\Res_477_2025.gdb\Parque,FECHA_ACTO_ADMINISTRATIVO,-1,-1;NORMATIVA "Normativa" true true false 255 Text 0 0,First,#,D:\DATOS\4_TEMPO_TAREAS\5_MANTENIMIENTO_BDG\PROYECTO_FASE_2025\TEMPORAL\IDRD\1-2025-25976\Res_477_2025\Res_477_2025.gdb\Parque,NORMATIVA,0,254;TIPO_PARQUE "Tipo" true true false 4 Long 0 10,First,#,D:\DATOS\4_TEMPO_TAREAS\5_MANTENIMIENTO_BDG\PROYECTO_FASE_2025\TEMPORAL\IDRD\1-2025-25976\Res_477_2025\Res_477_2025.gdb\Parque,TIPO_PARQUE,-1,-1;OBSERVACION "Observación" true true false 255 Text 0 0,First,#,D:\DATOS\4_TEMPO_TAREAS\5_MANTENIMIENTO_BDG\PROYECTO_FASE_2025\TEMPORAL\IDRD\1-2025-25976\Res_477_2025\Res_477_2025.gdb\Parque,OBSERVACION,0,254;ESCALA_CAPTURA "Escala Captura" true true false 10 Text 0 0,First,#,D:\DATOS\4_TEMPO_TAREAS\5_MANTENIMIENTO_BDG\PROYECTO_FASE_2025\TEMPORAL\IDRD\1-2025-25976\Res_477_2025\Res_477_2025.gdb\Parque,ESCALA_CAPTURA,0,9;FECHA_CAPTURA "Fecha Actualización" true true false 8 Date 0 0,First,#,D:\DATOS\4_TEMPO_TAREAS\5_MANTENIMIENTO_BDG\PROYECTO_FASE_2025\TEMPORAL\IDRD\1-2025-25976\Res_477_2025\Res_477_2025.gdb\Parque,FECHA_CAPTURA,-1,-1;RESPONSABLE "Responsable" true true false 4 Text 0 0,First,#,D:\DATOS\4_TEMPO_TAREAS\5_MANTENIMIENTO_BDG\PROYECTO_FASE_2025\TEMPORAL\IDRD\1-2025-25976\Res_477_2025\Res_477_2025.gdb\Parque,RESPONSABLE,0,3;REGLAID "ReglaID" true true true 4 Long 0 10,First,#,D:\DATOS\4_TEMPO_TAREAS\5_MANTENIMIENTO_BDG\PROYECTO_FASE_2025\TEMPORAL\IDRD\1-2025-25976\Res_477_2025\Res_477_2025.gdb\Parque,REGLAID,-1,-1;OVERRIDE "Override" true true true 0 Blob 0 0,First,#,D:\DATOS\4_TEMPO_TAREAS\5_MANTENIMIENTO_BDG\PROYECTO_FASE_2025\TEMPORAL\IDRD\1-2025-25976\Res_477_2025\Res_477_2025.gdb\Parque,OVERRIDE,-1,-1" # # # NOT_UPDATE_GEOMETRY</Process><Process ToolSource="c:\program files\arcgis\pro\Resources\ArcToolbox\toolboxes\Data Management Tools.tbx\Append" Date="20250813" Time="070100">Append D:\DATOS\4_TEMPO_TAREAS\5_MANTENIMIENTO_BDG\PROYECTO_FASE_2025\TEMPORAL\IDRD\1-2025-25976\VERSION_2\Parque_para_BDGC_100725\Parque_para_BDGC_100725.gdb\Parque "C:\Users\aramirez\AppData\Roaming\Esri\ArcGISPro\Favorites\BDG_SDP(aramirez) (1).sde\ADMBDG.Sistema_Distrital_Parques\ADMBDG.Parque" "Use the field map to reconcile field differences" "CODIGO_ID "Identificador Único" true true false 20 Text 0 0,First,#,D:\DATOS\4_TEMPO_TAREAS\5_MANTENIMIENTO_BDG\PROYECTO_FASE_2025\TEMPORAL\IDRD\1-2025-25976\VERSION_2\Parque_para_BDGC_100725\Parque_para_BDGC_100725.gdb\Parque,CODIGO_ID,0,19;NOMBRE "Nombre" true true false 150 Text 0 0,First,#,D:\DATOS\4_TEMPO_TAREAS\5_MANTENIMIENTO_BDG\PROYECTO_FASE_2025\TEMPORAL\IDRD\1-2025-25976\VERSION_2\Parque_para_BDGC_100725\Parque_para_BDGC_100725.gdb\Parque,NOMBRE,0,149;VOCACION "Vocación" true true false 4 Text 0 0,First,#,D:\DATOS\4_TEMPO_TAREAS\5_MANTENIMIENTO_BDG\PROYECTO_FASE_2025\TEMPORAL\IDRD\1-2025-25976\VERSION_2\Parque_para_BDGC_100725\Parque_para_BDGC_100725.gdb\Parque,VOCACION,0,3;NIVEL "Nivel" true true false 50 Text 0 0,First,#,D:\DATOS\4_TEMPO_TAREAS\5_MANTENIMIENTO_BDG\PROYECTO_FASE_2025\TEMPORAL\IDRD\1-2025-25976\VERSION_2\Parque_para_BDGC_100725\Parque_para_BDGC_100725.gdb\Parque,NIVEL,0,49;ACTUACION "Actuación" true true false 50 Text 0 0,First,#,D:\DATOS\4_TEMPO_TAREAS\5_MANTENIMIENTO_BDG\PROYECTO_FASE_2025\TEMPORAL\IDRD\1-2025-25976\VERSION_2\Parque_para_BDGC_100725\Parque_para_BDGC_100725.gdb\Parque,ACTUACION,0,49;ACTO_ADMINISTRATIVO "Acto Administrativo" true true false 4 Text 0 0,First,#,D:\DATOS\4_TEMPO_TAREAS\5_MANTENIMIENTO_BDG\PROYECTO_FASE_2025\TEMPORAL\IDRD\1-2025-25976\VERSION_2\Parque_para_BDGC_100725\Parque_para_BDGC_100725.gdb\Parque,ACTO_ADMINISTRATIVO,0,3;NUMERO_ACTO_ADMINISTRATIVO "Número Acto Administrativo" true true false 20 Text 0 0,First,#,D:\DATOS\4_TEMPO_TAREAS\5_MANTENIMIENTO_BDG\PROYECTO_FASE_2025\TEMPORAL\IDRD\1-2025-25976\VERSION_2\Parque_para_BDGC_100725\Parque_para_BDGC_100725.gdb\Parque,NUMERO_ACTO_ADMINISTRATIVO,0,19;FECHA_ACTO_ADMINISTRATIVO "Fecha Acto Administrativo" true true false 8 Date 0 0,First,#,D:\DATOS\4_TEMPO_TAREAS\5_MANTENIMIENTO_BDG\PROYECTO_FASE_2025\TEMPORAL\IDRD\1-2025-25976\VERSION_2\Parque_para_BDGC_100725\Parque_para_BDGC_100725.gdb\Parque,FECHA_ACTO_ADMINISTRATIVO,-1,-1;NORMATIVA "Normativa" true true false 255 Text 0 0,First,#,D:\DATOS\4_TEMPO_TAREAS\5_MANTENIMIENTO_BDG\PROYECTO_FASE_2025\TEMPORAL\IDRD\1-2025-25976\VERSION_2\Parque_para_BDGC_100725\Parque_para_BDGC_100725.gdb\Parque,NORMATIVA,0,254;TIPO_PARQUE "Tipo" true true false 4 Long 0 10,First,#,D:\DATOS\4_TEMPO_TAREAS\5_MANTENIMIENTO_BDG\PROYECTO_FASE_2025\TEMPORAL\IDRD\1-2025-25976\VERSION_2\Parque_para_BDGC_100725\Parque_para_BDGC_100725.gdb\Parque,TIPO_PARQUE,-1,-1;OBSERVACION "Observación" true true false 255 Text 0 0,First,#,D:\DATOS\4_TEMPO_TAREAS\5_MANTENIMIENTO_BDG\PROYECTO_FASE_2025\TEMPORAL\IDRD\1-2025-25976\VERSION_2\Parque_para_BDGC_100725\Parque_para_BDGC_100725.gdb\Parque,OBSERVACION,0,254;ESCALA_CAPTURA "Escala Captura" true true false 10 Text 0 0,First,#,D:\DATOS\4_TEMPO_TAREAS\5_MANTENIMIENTO_BDG\PROYECTO_FASE_2025\TEMPORAL\IDRD\1-2025-25976\VERSION_2\Parque_para_BDGC_100725\Parque_para_BDGC_100725.gdb\Parque,ESCALA_CAPTURA,0,9;FECHA_CAPTURA "Fecha Actualización" true true false 8 Date 0 0,First,#,D:\DATOS\4_TEMPO_TAREAS\5_MANTENIMIENTO_BDG\PROYECTO_FASE_2025\TEMPORAL\IDRD\1-2025-25976\VERSION_2\Parque_para_BDGC_100725\Parque_para_BDGC_100725.gdb\Parque,FECHA_CAPTURA,-1,-1;RESPONSABLE "Responsable" true true false 4 Text 0 0,First,#,D:\DATOS\4_TEMPO_TAREAS\5_MANTENIMIENTO_BDG\PROYECTO_FASE_2025\TEMPORAL\IDRD\1-2025-25976\VERSION_2\Parque_para_BDGC_100725\Parque_para_BDGC_100725.gdb\Parque,RESPONSABLE,0,3;REGLAID "ReglaID" true true true 4 Long 0 10,First,#,D:\DATOS\4_TEMPO_TAREAS\5_MANTENIMIENTO_BDG\PROYECTO_FASE_2025\TEMPORAL\IDRD\1-2025-25976\VERSION_2\Parque_para_BDGC_100725\Parque_para_BDGC_100725.gdb\Parque,REGLAID,-1,-1;OVERRIDE "Override" true true true 0 Blob 0 0,First,#,D:\DATOS\4_TEMPO_TAREAS\5_MANTENIMIENTO_BDG\PROYECTO_FASE_2025\TEMPORAL\IDRD\1-2025-25976\VERSION_2\Parque_para_BDGC_100725\Parque_para_BDGC_100725.gdb\Parque,OVERRIDE,-1,-1" # # # NOT_UPDATE_GEOMETRY</Process><Process ToolSource="c:\program files\arcgis\pro\Resources\ArcToolbox\toolboxes\Conversion Tools.tbx\ExportFeatures" Date="20251111" Time="161549">ExportFeatures "C:\Users\aramirez\AppData\Roaming\Esri\ArcGISPro\Favorites\BDG_SDP(aramirez) (1).sde\ADMBDG.Sistema_Distrital_Parques\ADMBDG.Parque" D:\DATOS\4_TEMPO_TAREAS\IDECA\ENTREGAS_INFO_PARA_IDECA\2023_04_14_BASE_PARA_DATOS_ABIERTOS\SDP_DATOS_ABIERTOS\Tempo.gdb\Parque # NOT_USE_ALIAS "CODIGO_ID "Identificador Único" true true false 20 Text 0 0,First,#,C:\Users\aramirez\AppData\Roaming\Esri\ArcGISPro\Favorites\BDG_SDP(aramirez) (1).sde\ADMBDG.Sistema_Distrital_Parques\ADMBDG.Parque,CODIGO_ID,0,19;NOMBRE "Nombre" true true false 150 Text 0 0,First,#,C:\Users\aramirez\AppData\Roaming\Esri\ArcGISPro\Favorites\BDG_SDP(aramirez) (1).sde\ADMBDG.Sistema_Distrital_Parques\ADMBDG.Parque,NOMBRE,0,149;VOCACION "Vocación" true true false 4 Text 0 0,First,#,C:\Users\aramirez\AppData\Roaming\Esri\ArcGISPro\Favorites\BDG_SDP(aramirez) (1).sde\ADMBDG.Sistema_Distrital_Parques\ADMBDG.Parque,VOCACION,0,3;NIVEL "Nivel" true true false 50 Text 0 0,First,#,C:\Users\aramirez\AppData\Roaming\Esri\ArcGISPro\Favorites\BDG_SDP(aramirez) (1).sde\ADMBDG.Sistema_Distrital_Parques\ADMBDG.Parque,NIVEL,0,49;ACTUACION "Actuación" true true false 50 Text 0 0,First,#,C:\Users\aramirez\AppData\Roaming\Esri\ArcGISPro\Favorites\BDG_SDP(aramirez) (1).sde\ADMBDG.Sistema_Distrital_Parques\ADMBDG.Parque,ACTUACION,0,49;ACTO_ADMINISTRATIVO "Acto Administrativo" true true false 4 Text 0 0,First,#,C:\Users\aramirez\AppData\Roaming\Esri\ArcGISPro\Favorites\BDG_SDP(aramirez) (1).sde\ADMBDG.Sistema_Distrital_Parques\ADMBDG.Parque,ACTO_ADMINISTRATIVO,0,3;NUMERO_ACTO_ADMINISTRATIVO "Número Acto Administrativo" true true false 20 Text 0 0,First,#,C:\Users\aramirez\AppData\Roaming\Esri\ArcGISPro\Favorites\BDG_SDP(aramirez) (1).sde\ADMBDG.Sistema_Distrital_Parques\ADMBDG.Parque,NUMERO_ACTO_ADMINISTRATIVO,0,19;FECHA_ACTO_ADMINISTRATIVO "Fecha Acto Administrativo" true true false 8 Date 0 0,First,#,C:\Users\aramirez\AppData\Roaming\Esri\ArcGISPro\Favorites\BDG_SDP(aramirez) (1).sde\ADMBDG.Sistema_Distrital_Parques\ADMBDG.Parque,FECHA_ACTO_ADMINISTRATIVO,-1,-1;NORMATIVA "Normativa" true true false 255 Text 0 0,First,#,C:\Users\aramirez\AppData\Roaming\Esri\ArcGISPro\Favorites\BDG_SDP(aramirez) (1).sde\ADMBDG.Sistema_Distrital_Parques\ADMBDG.Parque,NORMATIVA,0,254;TIPO_PARQUE "Tipo" true true false 4 Long 0 10,First,#,C:\Users\aramirez\AppData\Roaming\Esri\ArcGISPro\Favorites\BDG_SDP(aramirez) (1).sde\ADMBDG.Sistema_Distrital_Parques\ADMBDG.Parque,TIPO_PARQUE,-1,-1;OBSERVACION "Observación" true true false 255 Text 0 0,First,#,C:\Users\aramirez\AppData\Roaming\Esri\ArcGISPro\Favorites\BDG_SDP(aramirez) (1).sde\ADMBDG.Sistema_Distrital_Parques\ADMBDG.Parque,OBSERVACION,0,254;ESCALA_CAPTURA "Escala Captura" true true false 10 Text 0 0,First,#,C:\Users\aramirez\AppData\Roaming\Esri\ArcGISPro\Favorites\BDG_SDP(aramirez) (1).sde\ADMBDG.Sistema_Distrital_Parques\ADMBDG.Parque,ESCALA_CAPTURA,0,9;FECHA_CAPTURA "Fecha Actualización" true true false 8 Date 0 0,First,#,C:\Users\aramirez\AppData\Roaming\Esri\ArcGISPro\Favorites\BDG_SDP(aramirez) (1).sde\ADMBDG.Sistema_Distrital_Parques\ADMBDG.Parque,FECHA_CAPTURA,-1,-1;RESPONSABLE "Responsable" true true false 4 Text 0 0,First,#,C:\Users\aramirez\AppData\Roaming\Esri\ArcGISPro\Favorites\BDG_SDP(aramirez) (1).sde\ADMBDG.Sistema_Distrital_Parques\ADMBDG.Parque,RESPONSABLE,0,3;REGLAID "ReglaID" true true true 4 Long 0 10,First,#,C:\Users\aramirez\AppData\Roaming\Esri\ArcGISPro\Favorites\BDG_SDP(aramirez) (1).sde\ADMBDG.Sistema_Distrital_Parques\ADMBDG.Parque,REGLAID,-1,-1;OVERRIDE "Override" true true true 0 Blob 0 0,First,#,C:\Users\aramirez\AppData\Roaming\Esri\ArcGISPro\Favorites\BDG_SDP(aramirez) (1).sde\ADMBDG.Sistema_Distrital_Parques\ADMBDG.Parque,OVERRIDE,-1,-1;ADMINISTRADOR "Administrador" true true false 50 Text 0 0,First,#,C:\Users\aramirez\AppData\Roaming\Esri\ArcGISPro\Favorites\BDG_SDP(aramirez) (1).sde\ADMBDG.Sistema_Distrital_Parques\ADMBDG.Parque,ADMINISTRADOR,0,49;ESTADO_CERTIFICACION "Estado Certificación" true true false 50 Text 0 0,First,#,C:\Users\aramirez\AppData\Roaming\Esri\ArcGISPro\Favorites\BDG_SDP(aramirez) (1).sde\ADMBDG.Sistema_Distrital_Parques\ADMBDG.Parque,ESTADO_CERTIFICACION,0,49;FECHA_INCORPORACION "Fecha Incorporación" true true false 8 Date 0 0,First,#,C:\Users\aramirez\AppData\Roaming\Esri\ArcGISPro\Favorites\BDG_SDP(aramirez) (1).sde\ADMBDG.Sistema_Distrital_Parques\ADMBDG.Parque,FECHA_INCORPORACION,-1,-1" #</Process><Process ToolSource="c:\program files\arcgis\pro\Resources\ArcToolbox\toolboxes\Conversion Tools.tbx\ExportFeatures" Date="20251111" Time="163539">ExportFeatures D:\DATOS\4_TEMPO_TAREAS\IDECA\ENTREGAS_INFO_PARA_IDECA\2023_04_14_BASE_PARA_DATOS_ABIERTOS\SDP_DATOS_ABIERTOS\Tempo.gdb\Parque "D:\DATOS\4_TEMPO_TAREAS\IDECA\ENTREGAS_INFO_PARA_IDECA\2023_04_14_BASE_PARA_DATOS_ABIERTOS\SDP_DATOS_ABIERTOS\FormatoSHP (1)\Parque.shp" # NOT_USE_ALIAS "CODIGO_ID "Identificador Único" true true false 20 Text 0 0,First,#,D:\DATOS\4_TEMPO_TAREAS\IDECA\ENTREGAS_INFO_PARA_IDECA\2023_04_14_BASE_PARA_DATOS_ABIERTOS\SDP_DATOS_ABIERTOS\Tempo.gdb\Parque,CODIGO_ID,0,19;NOMBRE "Nombre" true true false 150 Text 0 0,First,#,D:\DATOS\4_TEMPO_TAREAS\IDECA\ENTREGAS_INFO_PARA_IDECA\2023_04_14_BASE_PARA_DATOS_ABIERTOS\SDP_DATOS_ABIERTOS\Tempo.gdb\Parque,NOMBRE,0,149;VOCACION "Vocación" true true false 4 Text 0 0,First,#,D:\DATOS\4_TEMPO_TAREAS\IDECA\ENTREGAS_INFO_PARA_IDECA\2023_04_14_BASE_PARA_DATOS_ABIERTOS\SDP_DATOS_ABIERTOS\Tempo.gdb\Parque,VOCACION,0,3;NIVEL "Nivel" true true false 50 Text 0 0,First,#,D:\DATOS\4_TEMPO_TAREAS\IDECA\ENTREGAS_INFO_PARA_IDECA\2023_04_14_BASE_PARA_DATOS_ABIERTOS\SDP_DATOS_ABIERTOS\Tempo.gdb\Parque,NIVEL,0,49;ACTUACION "Actuación" true true false 50 Text 0 0,First,#,D:\DATOS\4_TEMPO_TAREAS\IDECA\ENTREGAS_INFO_PARA_IDECA\2023_04_14_BASE_PARA_DATOS_ABIERTOS\SDP_DATOS_ABIERTOS\Tempo.gdb\Parque,ACTUACION,0,49;ACTO_ADMINISTRATIVO "Acto Administrativo" true true false 4 Text 0 0,First,#,D:\DATOS\4_TEMPO_TAREAS\IDECA\ENTREGAS_INFO_PARA_IDECA\2023_04_14_BASE_PARA_DATOS_ABIERTOS\SDP_DATOS_ABIERTOS\Tempo.gdb\Parque,ACTO_ADMINISTRATIVO,0,3;NUMERO_ACTO_ADMINISTRATIVO "Número Acto Administrativo" true true false 20 Text 0 0,First,#,D:\DATOS\4_TEMPO_TAREAS\IDECA\ENTREGAS_INFO_PARA_IDECA\2023_04_14_BASE_PARA_DATOS_ABIERTOS\SDP_DATOS_ABIERTOS\Tempo.gdb\Parque,NUMERO_ACTO_ADMINISTRATIVO,0,19;FECHA_ACTO_ADMINISTRATIVO "Fecha Acto Administrativo" true true false 8 Date 0 0,First,#,D:\DATOS\4_TEMPO_TAREAS\IDECA\ENTREGAS_INFO_PARA_IDECA\2023_04_14_BASE_PARA_DATOS_ABIERTOS\SDP_DATOS_ABIERTOS\Tempo.gdb\Parque,FECHA_ACTO_ADMINISTRATIVO,-1,-1;NORMATIVA "Normativa" true true false 255 Text 0 0,First,#,D:\DATOS\4_TEMPO_TAREAS\IDECA\ENTREGAS_INFO_PARA_IDECA\2023_04_14_BASE_PARA_DATOS_ABIERTOS\SDP_DATOS_ABIERTOS\Tempo.gdb\Parque,NORMATIVA,0,254;TIPO_PARQUE "Tipo" true true false 4 Long 0 0,First,#,D:\DATOS\4_TEMPO_TAREAS\IDECA\ENTREGAS_INFO_PARA_IDECA\2023_04_14_BASE_PARA_DATOS_ABIERTOS\SDP_DATOS_ABIERTOS\Tempo.gdb\Parque,TIPO_PARQUE,-1,-1;OBSERVACION "Observación" true true false 255 Text 0 0,First,#,D:\DATOS\4_TEMPO_TAREAS\IDECA\ENTREGAS_INFO_PARA_IDECA\2023_04_14_BASE_PARA_DATOS_ABIERTOS\SDP_DATOS_ABIERTOS\Tempo.gdb\Parque,OBSERVACION,0,254;ESCALA_CAPTURA "Escala Captura" true true false 10 Text 0 0,First,#,D:\DATOS\4_TEMPO_TAREAS\IDECA\ENTREGAS_INFO_PARA_IDECA\2023_04_14_BASE_PARA_DATOS_ABIERTOS\SDP_DATOS_ABIERTOS\Tempo.gdb\Parque,ESCALA_CAPTURA,0,9;FECHA_CAPTURA "Fecha Actualización" true true false 8 Date 0 0,First,#,D:\DATOS\4_TEMPO_TAREAS\IDECA\ENTREGAS_INFO_PARA_IDECA\2023_04_14_BASE_PARA_DATOS_ABIERTOS\SDP_DATOS_ABIERTOS\Tempo.gdb\Parque,FECHA_CAPTURA,-1,-1;RESPONSABLE "Responsable" true true false 4 Text 0 0,First,#,D:\DATOS\4_TEMPO_TAREAS\IDECA\ENTREGAS_INFO_PARA_IDECA\2023_04_14_BASE_PARA_DATOS_ABIERTOS\SDP_DATOS_ABIERTOS\Tempo.gdb\Parque,RESPONSABLE,0,3;REGLAID "ReglaID" true true false 4 Long 0 0,First,#,D:\DATOS\4_TEMPO_TAREAS\IDECA\ENTREGAS_INFO_PARA_IDECA\2023_04_14_BASE_PARA_DATOS_ABIERTOS\SDP_DATOS_ABIERTOS\Tempo.gdb\Parque,REGLAID,-1,-1;ADMINISTRADOR "Administrador" true true false 50 Text 0 0,First,#,D:\DATOS\4_TEMPO_TAREAS\IDECA\ENTREGAS_INFO_PARA_IDECA\2023_04_14_BASE_PARA_DATOS_ABIERTOS\SDP_DATOS_ABIERTOS\Tempo.gdb\Parque,ADMINISTRADOR,0,49;ESTADO_CERTIFICACION "Estado Certificación" true true false 50 Text 0 0,First,#,D:\DATOS\4_TEMPO_TAREAS\IDECA\ENTREGAS_INFO_PARA_IDECA\2023_04_14_BASE_PARA_DATOS_ABIERTOS\SDP_DATOS_ABIERTOS\Tempo.gdb\Parque,ESTADO_CERTIFICACION,0,49;FECHA_INCORPORACION "Fecha Incorporación" true true false 8 Date 0 0,First,#,D:\DATOS\4_TEMPO_TAREAS\IDECA\ENTREGAS_INFO_PARA_IDECA\2023_04_14_BASE_PARA_DATOS_ABIERTOS\SDP_DATOS_ABIERTOS\Tempo.gdb\Parque,FECHA_INCORPORACION,-1,-1;Shape_Length "Shape_Length" false true true 8 Double 0 0,First,#,D:\DATOS\4_TEMPO_TAREAS\IDECA\ENTREGAS_INFO_PARA_IDECA\2023_04_14_BASE_PARA_DATOS_ABIERTOS\SDP_DATOS_ABIERTOS\Tempo.gdb\Parque,Shape_Length,-1,-1;Shape_Area "Shape_Area" false true true 8 Double 0 0,First,#,D:\DATOS\4_TEMPO_TAREAS\IDECA\ENTREGAS_INFO_PARA_IDECA\2023_04_14_BASE_PARA_DATOS_ABIERTOS\SDP_DATOS_ABIERTOS\Tempo.gdb\Parque,Shape_Area,-1,-1" #</Process></lineage><itemProps><itemLocation><linkage Sync="TRUE">file://\\2041SDP03\D$\DATOS\4_TEMPO_TAREAS\IDECA\ENTREGAS_INFO_PARA_IDECA\2023_04_14_BASE_PARA_DATOS_ABIERTOS\SDP_DATOS_ABIERTOS\FormatoSHP (1)\Parque.shp</linkage><protocol Sync="TRUE">Local Area Network</protocol></itemLocation><itemName Sync="TRUE">Parque</itemName><imsContentType Sync="TRUE">002</imsContentType><itemSize Sync="TRUE">0.000</itemSize></itemProps><coordRef><type Sync="TRUE">Projected</type><geogcsn Sync="TRUE">GCS_CarMAGBOG</geogcsn><csUnits Sync="TRUE">Linear Unit: Meter (1.000000)</csUnits><projcsn Sync="TRUE">PCS_CarMAGBOG</projcsn><peXml Sync="TRUE">&lt;ProjectedCoordinateSystem xsi:type='typens:ProjectedCoordinateSystem' xmlns:xsi='http://www.w3.org/2001/XMLSchema-instance' xmlns:xs='http://www.w3.org/2001/XMLSchema' xmlns:typens='http://www.esri.com/schemas/ArcGIS/3.3.0'&gt;&lt;WKT&gt;PROJCS[&amp;quot;PCS_CarMAGBOG&amp;quot;,GEOGCS[&amp;quot;GCS_CarMAGBOG&amp;quot;,DATUM[&amp;quot;CGS_CarMAGBOG&amp;quot;,SPHEROID[&amp;quot;GRS80 Mod&amp;quot;,6380687.0,298.257222101]],PRIMEM[&amp;quot;Greenwich&amp;quot;,0.0],UNIT[&amp;quot;Degree&amp;quot;,0.0174532925199433]],PROJECTION[&amp;quot;Transverse_Mercator&amp;quot;],PARAMETER[&amp;quot;False_Easting&amp;quot;,92334.879],PARAMETER[&amp;quot;False_Northing&amp;quot;,109320.965],PARAMETER[&amp;quot;Central_Meridian&amp;quot;,-74.14659167],PARAMETER[&amp;quot;Scale_Factor&amp;quot;,1.0],PARAMETER[&amp;quot;Latitude_Of_Origin&amp;quot;,4.680486111],UNIT[&amp;quot;Meter&amp;quot;,1.0]]&lt;/WKT&gt;&lt;XOrigin&gt;-5533100&lt;/XOrigin&gt;&lt;YOrigin&gt;-10414600&lt;/YOrigin&gt;&lt;XYScale&gt;450083161.59267002&lt;/XYScale&gt;&lt;ZOrigin&gt;-100000&lt;/ZOrigin&gt;&lt;ZScale&gt;10000&lt;/ZScale&gt;&lt;MOrigin&gt;-100000&lt;/MOrigin&gt;&lt;MScale&gt;10000&lt;/MScale&gt;&lt;XYTolerance&gt;0.001&lt;/XYTolerance&gt;&lt;ZTolerance&gt;0.001&lt;/ZTolerance&gt;&lt;MTolerance&gt;0.001&lt;/MTolerance&gt;&lt;HighPrecision&gt;true&lt;/HighPrecision&gt;&lt;/ProjectedCoordinateSystem&gt;</peXml></coordRef></DataProperties><SyncDate>20251111</SyncDate><SyncTime>16353800</SyncTime><ModDate>20251111</ModDate><ModTime>16353800</ModTime></Esri><dataIdInfo><envirDesc Sync="TRUE">Microsoft Windows 10 Version 10.0 (Build 26100) ; Esri ArcGIS 13.3.0.52636</envirDesc><dataLang><languageCode value="spa" Sync="TRUE"></languageCode><countryCode value="COL" Sync="TRUE"></countryCode></dataLang><idCitation><resTitle Sync="TRUE">Parque</resTitle><presForm><PresFormCd value="005" Sync="TRUE"></PresFormCd></presForm></idCitation><spatRpType><SpatRepTypCd value="001" Sync="TRUE"></SpatRepTypCd></spatRpType></dataIdInfo><mdLang><languageCode value="spa" Sync="TRUE"></languageCode><countryCode value="COL" Sync="TRUE"></countryCode></mdLang><distInfo><distFormat><formatName Sync="TRUE">Shapefile</formatName></distFormat><distTranOps><transSize Sync="TRUE">0.000</transSize></distTranOps></distInfo><mdHrLv><ScopeCd value="005" Sync="TRUE"></ScopeCd></mdHrLv><mdHrLvName Sync="TRUE">dataset</mdHrLvName><refSysInfo><RefSystem><refSysID><identCode code="0" Sync="TRUE"></identCode></refSysID></RefSystem></refSysInfo><spatRepInfo><VectSpatRep><geometObjs Name="Parque"><geoObjTyp><GeoObjTypCd value="002" Sync="TRUE"></GeoObjTypCd></geoObjTyp><geoObjCnt Sync="TRUE">0</geoObjCnt></geometObjs><topLvl><TopoLevCd value="001" Sync="TRUE"></TopoLevCd></topLvl></VectSpatRep></spatRepInfo><spdoinfo><ptvctinf><esriterm Name="Parque"><efeatyp Sync="TRUE">Simple</efeatyp><efeageom code="4" Sync="TRUE"></efeageom><esritopo Sync="TRUE">FALSE</esritopo><efeacnt Sync="TRUE">0</efeacnt><spindex Sync="TRUE">FALSE</spindex><linrefer Sync="TRUE">FALSE</linrefer></esriterm></ptvctinf></spdoinfo><eainfo><detailed Name="Parque"><enttyp><enttypl Sync="TRUE">Parque</enttypl><enttypt Sync="TRUE">Feature Class</enttypt><enttypc Sync="TRUE">0</enttypc></enttyp><attr><attrlabl Sync="TRUE">FID</attrlabl><attalias Sync="TRUE">FID</attalias><attrtype Sync="TRUE">OID</attrtype><attwidth Sync="TRUE">4</attwidth><atprecis Sync="TRUE">0</atprecis><attscale Sync="TRUE">0</attscale><attrdef Sync="TRUE">Internal feature number.</attrdef><attrdefs Sync="TRUE">Esri</attrdefs><attrdomv><udom Sync="TRUE">Sequential unique whole numbers that are automatically generated.</udom></attrdomv></attr><attr><attrlabl Sync="TRUE">Shape</attrlabl><attalias Sync="TRUE">Shape</attalias><attrtype Sync="TRUE">Geometry</attrtype><attwidth Sync="TRUE">0</attwidth><atprecis Sync="TRUE">0</atprecis><attscale Sync="TRUE">0</attscale><attrdef Sync="TRUE">Feature geometry.</attrdef><attrdefs Sync="TRUE">Esri</attrdefs><attrdomv><udom Sync="TRUE">Coordinates defining the features.</udom></attrdomv></attr><attr><attrlabl Sync="TRUE">CODIGO_ID</attrlabl><attalias Sync="TRUE">CODIGO_ID</attalias><attrtype Sync="TRUE">String</attrtype><attwidth Sync="TRUE">20</attwidth><atprecis Sync="TRUE">0</atprecis><attscale Sync="TRUE">0</attscale></attr><attr><attrlabl Sync="TRUE">NOMBRE</attrlabl><attalias Sync="TRUE">NOMBRE</attalias><attrtype Sync="TRUE">String</attrtype><attwidth Sync="TRUE">150</attwidth><atprecis Sync="TRUE">0</atprecis><attscale Sync="TRUE">0</attscale></attr><attr><attrlabl Sync="TRUE">VOCACION</attrlabl><attalias Sync="TRUE">VOCACION</attalias><attrtype Sync="TRUE">String</attrtype><attwidth Sync="TRUE">4</attwidth><atprecis Sync="TRUE">0</atprecis><attscale Sync="TRUE">0</attscale></attr><attr><attrlabl Sync="TRUE">NIVEL</attrlabl><attalias Sync="TRUE">NIVEL</attalias><attrtype Sync="TRUE">String</attrtype><attwidth Sync="TRUE">50</attwidth><atprecis Sync="TRUE">0</atprecis><attscale Sync="TRUE">0</attscale></attr><attr><attrlabl Sync="TRUE">ACTUACION</attrlabl><attalias Sync="TRUE">ACTUACION</attalias><attrtype Sync="TRUE">String</attrtype><attwidth Sync="TRUE">50</attwidth><atprecis Sync="TRUE">0</atprecis><attscale Sync="TRUE">0</attscale></attr><attr><attrlabl Sync="TRUE">ACTO_ADMIN</attrlabl><attalias Sync="TRUE">ACTO_ADMIN</attalias><attrtype Sync="TRUE">String</attrtype><attwidth Sync="TRUE">4</attwidth><atprecis Sync="TRUE">0</atprecis><attscale Sync="TRUE">0</attscale></attr><attr><attrlabl Sync="TRUE">NUMERO_ACT</attrlabl><attalias Sync="TRUE">NUMERO_ACT</attalias><attrtype Sync="TRUE">String</attrtype><attwidth Sync="TRUE">20</attwidth><atprecis Sync="TRUE">0</atprecis><attscale Sync="TRUE">0</attscale></attr><attr><attrlabl Sync="TRUE">FECHA_ACTO</attrlabl><attalias Sync="TRUE">FECHA_ACTO</attalias><attrtype Sync="TRUE">Date</attrtype><attwidth Sync="TRUE">8</attwidth><atprecis Sync="TRUE">0</atprecis><attscale Sync="TRUE">0</attscale></attr><attr><attrlabl Sync="TRUE">NORMATIVA</attrlabl><attalias Sync="TRUE">NORMATIVA</attalias><attrtype Sync="TRUE">String</attrtype><attwidth Sync="TRUE">254</attwidth><atprecis Sync="TRUE">0</atprecis><attscale Sync="TRUE">0</attscale></attr><attr><attrlabl Sync="TRUE">TIPO_PARQU</attrlabl><attalias Sync="TRUE">TIPO_PARQU</attalias><attrtype Sync="TRUE">Integer</attrtype><attwidth Sync="TRUE">10</attwidth><atprecis Sync="TRUE">10</atprecis><attscale Sync="TRUE">0</attscale></attr><attr><attrlabl Sync="TRUE">OBSERVACIO</attrlabl><attalias Sync="TRUE">OBSERVACIO</attalias><attrtype Sync="TRUE">String</attrtype><attwidth Sync="TRUE">254</attwidth><atprecis Sync="TRUE">0</atprecis><attscale Sync="TRUE">0</attscale></attr><attr><attrlabl Sync="TRUE">ESCALA_CAP</attrlabl><attalias Sync="TRUE">ESCALA_CAP</attalias><attrtype Sync="TRUE">String</attrtype><attwidth Sync="TRUE">10</attwidth><atprecis Sync="TRUE">0</atprecis><attscale Sync="TRUE">0</attscale></attr><attr><attrlabl Sync="TRUE">FECHA_CAPT</attrlabl><attalias Sync="TRUE">FECHA_CAPT</attalias><attrtype Sync="TRUE">Date</attrtype><attwidth Sync="TRUE">8</attwidth><atprecis Sync="TRUE">0</atprecis><attscale Sync="TRUE">0</attscale></attr><attr><attrlabl Sync="TRUE">RESPONSABL</attrlabl><attalias Sync="TRUE">RESPONSABL</attalias><attrtype Sync="TRUE">String</attrtype><attwidth Sync="TRUE">4</attwidth><atprecis Sync="TRUE">0</atprecis><attscale Sync="TRUE">0</attscale></attr><attr><attrlabl Sync="TRUE">REGLAID</attrlabl><attalias Sync="TRUE">REGLAID</attalias><attrtype Sync="TRUE">Integer</attrtype><attwidth Sync="TRUE">10</attwidth><atprecis Sync="TRUE">10</atprecis><attscale Sync="TRUE">0</attscale></attr><attr><attrlabl Sync="TRUE">ADMINISTRA</attrlabl><attalias Sync="TRUE">ADMINISTRA</attalias><attrtype Sync="TRUE">String</attrtype><attwidth Sync="TRUE">50</attwidth><atprecis Sync="TRUE">0</atprecis><attscale Sync="TRUE">0</attscale></attr><attr><attrlabl Sync="TRUE">ESTADO_CER</attrlabl><attalias Sync="TRUE">ESTADO_CER</attalias><attrtype Sync="TRUE">String</attrtype><attwidth Sync="TRUE">50</attwidth><atprecis Sync="TRUE">0</atprecis><attscale Sync="TRUE">0</attscale></attr><attr><attrlabl Sync="TRUE">FECHA_INCO</attrlabl><attalias Sync="TRUE">FECHA_INCO</attalias><attrtype Sync="TRUE">Date</attrtype><attwidth Sync="TRUE">8</attwidth><atprecis Sync="TRUE">0</atprecis><attscale Sync="TRUE">0</attscale></attr><attr><attrlabl Sync="TRUE">Shape_Leng</attrlabl><attalias Sync="TRUE">Shape_Leng</attalias><attrtype Sync="TRUE">Double</attrtype><attwidth Sync="TRUE">19</attwidth><atprecis Sync="TRUE">0</atprecis><attscale Sync="TRUE">0</attscale></attr><attr><attrlabl Sync="TRUE">Shape_Area</attrlabl><attalias Sync="TRUE">Shape_Area</attalias><attrtype Sync="TRUE">Double</attrtype><attwidth Sync="TRUE">19</attwidth><atprecis Sync="TRUE">0</atprecis><attscale Sync="TRUE">0</attscale><attrdef Sync="TRUE">Area of feature in internal units squared.</attrdef><attrdefs Sync="TRUE">Esri</attrdefs><attrdomv><udom Sync="TRUE">Positive real numbers that are automatically generated.</udom></attrdomv></attr></detailed></eainfo><mdDateSt Sync="TRUE">20251111</mdDateSt></metadata>
